check,table,column,references,row_number,record_id,value,issue
Foreign key exists,fact_portfolio_snapshot,benchmark_id,dim_benchmark.benchmark_id,85,84,,Foreign key is blank
Foreign key exists,fact_portfolio_snapshot,benchmark_id,dim_benchmark.benchmark_id,97,96,,Foreign key is blank
Foreign key exists,fact_portfolio_snapshot,benchmark_id,dim_benchmark.benchmark_id,123,122,,Foreign key is blank
Foreign key exists,fact_portfolio_snapshot,benchmark_id,dim_benchmark.benchmark_id,142,141,,Foreign key is blank
Foreign key exists,fact_portfolio_snapshot,benchmark_id,dim_benchmark.benchmark_id,279,278,,Foreign key is blank
Foreign key exists,fact_portfolio_snapshot,benchmark_id,dim_benchmark.benchmark_id,311,310,,Foreign key is blank
Foreign key exists,fact_portfolio_snapshot,benchmark_id,dim_benchmark.benchmark_id,487,486,,Foreign key is blank
Foreign key exists,fact_portfolio_snapshot,benchmark_id,dim_benchmark.benchmark_id,561,560,,Foreign key is blank
Foreign key exists,fact_portfolio_snapshot,benchmark_id,dim_benchmark.benchmark_id,773,772,,Foreign key is blank
Foreign key exists,fact_portfolio_snapshot,benchmark_id,dim_benchmark.benchmark_id,877,876,,Foreign key is blank
Foreign key exists,fact_portfolio_snapshot,benchmark_id,dim_benchmark.benchmark_id,901,900,,Foreign key is blank
Foreign key exists,fact_portfolio_snapshot,benchmark_id,dim_benchmark.benchmark_id,1135,1134,,Foreign key is blank
Foreign key exists,fact_portfolio_snapshot,benchmark_id,dim_benchmark.benchmark_id,1209,1208,,Foreign key is blank
Foreign key exists,fact_portfolio_snapshot,benchmark_id,dim_benchmark.benchmark_id,1290,1289,,Foreign key is blank
Foreign key exists,fact_portfolio_snapshot,benchmark_id,dim_benchmark.benchmark_id,1375,1374,,Foreign key is blank
Foreign key exists,fact_portfolio_snapshot,benchmark_id,dim_benchmark.benchmark_id,1408,1407,,Foreign key is blank
Foreign key exists,fact_portfolio_snapshot,benchmark_id,dim_benchmark.benchmark_id,1414,1413,,Foreign key is blank
Foreign key exists,fact_portfolio_snapshot,benchmark_id,dim_benchmark.benchmark_id,1624,1623,,Foreign key is blank
Foreign key exists,fact_portfolio_snapshot,benchmark_id,dim_benchmark.benchmark_id,1814,1813,,Foreign key is blank
Foreign key exists,fact_portfolio_snapshot,benchmark_id,dim_benchmark.benchmark_id,2054,2053,,Foreign key is blank
Foreign key exists,fact_portfolio_snapshot,benchmark_id,dim_benchmark.benchmark_id,2079,2078,,Foreign key is blank
Foreign key exists,fact_portfolio_snapshot,benchmark_id,dim_benchmark.benchmark_id,2386,2385,,Foreign key is blank
Foreign key exists,fact_portfolio_snapshot,benchmark_id,dim_benchmark.benchmark_id,2431,2430,,Foreign key is blank
Foreign key exists,fact_portfolio_snapshot,benchmark_id,dim_benchmark.benchmark_id,2452,2451,,Foreign key is blank
Foreign key exists,fact_portfolio_snapshot,benchmark_id,dim_benchmark.benchmark_id,2475,2474,,Foreign key is blank
Foreign key exists,fact_portfolio_snapshot,benchmark_id,dim_benchmark.benchmark_id,2508,2507,,Foreign key is blank
Foreign key exists,fact_portfolio_snapshot,benchmark_id,dim_benchmark.benchmark_id,2586,2585,,Foreign key is blank
Foreign key exists,fact_portfolio_snapshot,benchmark_id,dim_benchmark.benchmark_id,2787,2786,,Foreign key is blank
Foreign key exists,fact_portfolio_snapshot,benchmark_id,dim_benchmark.benchmark_id,2826,2825,,Foreign key is blank
Foreign key exists,fact_portfolio_snapshot,benchmark_id,dim_benchmark.benchmark_id,2841,2840,,Foreign key is blank
Foreign key exists,fact_portfolio_snapshot,benchmark_id,dim_benchmark.benchmark_id,2949,2948,,Foreign key is blank
Foreign key exists,fact_portfolio_snapshot,benchmark_id,dim_benchmark.benchmark_id,2989,2988,,Foreign key is blank
Foreign key exists,fact_portfolio_snapshot,benchmark_id,dim_benchmark.benchmark_id,3087,3086,,Foreign key is blank
Foreign key exists,fact_portfolio_snapshot,benchmark_id,dim_benchmark.benchmark_id,3219,3218,,Foreign key is blank
Foreign key exists,fact_portfolio_snapshot,benchmark_id,dim_benchmark.benchmark_id,3246,3245,,Foreign key is blank
Foreign key exists,fact_portfolio_snapshot,benchmark_id,dim_benchmark.benchmark_id,3864,3863,,Foreign key is blank
Foreign key exists,fact_portfolio_snapshot,benchmark_id,dim_benchmark.benchmark_id,3968,3967,,Foreign key is blank
Foreign key exists,fact_portfolio_snapshot,benchmark_id,dim_benchmark.benchmark_id,3996,3995,,Foreign key is blank
Foreign key exists,fact_portfolio_snapshot,benchmark_id,dim_benchmark.benchmark_id,4151,4150,,Foreign key is blank
Foreign key exists,fact_portfolio_snapshot,benchmark_id,dim_benchmark.benchmark_id,4207,4206,,Foreign key is blank
Foreign key exists,fact_portfolio_snapshot,benchmark_id,dim_benchmark.benchmark_id,4244,4243,,Foreign key is blank
Foreign key exists,fact_portfolio_snapshot,benchmark_id,dim_benchmark.benchmark_id,4329,4328,,Foreign key is blank
Foreign key exists,fact_portfolio_snapshot,benchmark_id,dim_benchmark.benchmark_id,4460,4459,,Foreign key is blank
Foreign key exists,fact_portfolio_snapshot,benchmark_id,dim_benchmark.benchmark_id,4484,4483,,Foreign key is blank
Foreign key exists,fact_portfolio_snapshot,benchmark_id,dim_benchmark.benchmark_id,4979,4978,,Foreign key is blank
Foreign key exists,fact_portfolio_snapshot,benchmark_id,dim_benchmark.benchmark_id,5231,5230,,Foreign key is blank
Foreign key exists,fact_portfolio_snapshot,benchmark_id,dim_benchmark.benchmark_id,5275,5274,,Foreign key is blank
Foreign key exists,fact_portfolio_snapshot,benchmark_id,dim_benchmark.benchmark_id,5349,5348,,Foreign key is blank
Foreign key exists,fact_portfolio_snapshot,benchmark_id,dim_benchmark.benchmark_id,5517,5516,,Foreign key is blank
Foreign key exists,fact_portfolio_snapshot,benchmark_id,dim_benchmark.benchmark_id,5586,5585,,Foreign key is blank
Foreign key exists,fact_portfolio_snapshot,benchmark_id,dim_benchmark.benchmark_id,5786,5785,,Foreign key is blank
Foreign key exists,fact_portfolio_snapshot,benchmark_id,dim_benchmark.benchmark_id,5887,5886,,Foreign key is blank
Foreign key exists,fact_portfolio_snapshot,benchmark_id,dim_benchmark.benchmark_id,6011,6010,,Foreign key is blank
Foreign key exists,fact_portfolio_snapshot,benchmark_id,dim_benchmark.benchmark_id,6086,6085,,Foreign key is blank
Foreign key exists,fact_portfolio_snapshot,benchmark_id,dim_benchmark.benchmark_id,6109,6108,,Foreign key is blank
Foreign key exists,fact_portfolio_snapshot,benchmark_id,dim_benchmark.benchmark_id,6183,6182,,Foreign key is blank
Foreign key exists,fact_portfolio_snapshot,benchmark_id,dim_benchmark.benchmark_id,6209,6208,,Foreign key is blank
Foreign key exists,fact_portfolio_snapshot,benchmark_id,dim_benchmark.benchmark_id,6231,6230,,Foreign key is blank
Foreign key exists,fact_portfolio_snapshot,benchmark_id,dim_benchmark.benchmark_id,6508,6507,,Foreign key is blank
Foreign key exists,fact_portfolio_snapshot,benchmark_id,dim_benchmark.benchmark_id,6576,6575,,Foreign key is blank
Foreign key exists,fact_portfolio_snapshot,benchmark_id,dim_benchmark.benchmark_id,6643,6642,,Foreign key is blank
Foreign key exists,fact_portfolio_snapshot,benchmark_id,dim_benchmark.benchmark_id,6731,6730,,Foreign key is blank
Foreign key exists,fact_portfolio_snapshot,benchmark_id,dim_benchmark.benchmark_id,6756,6755,,Foreign key is blank
Foreign key exists,fact_portfolio_snapshot,benchmark_id,dim_benchmark.benchmark_id,6767,6766,,Foreign key is blank
Foreign key exists,fact_portfolio_snapshot,benchmark_id,dim_benchmark.benchmark_id,6818,6817,,Foreign key is blank
Foreign key exists,fact_portfolio_snapshot,benchmark_id,dim_benchmark.benchmark_id,6907,6906,,Foreign key is blank
Foreign key exists,fact_portfolio_snapshot,benchmark_id,dim_benchmark.benchmark_id,7160,7159,,Foreign key is blank
Foreign key exists,fact_portfolio_snapshot,benchmark_id,dim_benchmark.benchmark_id,7350,7349,,Foreign key is blank
Foreign key exists,fact_portfolio_snapshot,benchmark_id,dim_benchmark.benchmark_id,7413,7412,,Foreign key is blank
Foreign key exists,fact_portfolio_snapshot,benchmark_id,dim_benchmark.benchmark_id,7480,7479,,Foreign key is blank
Foreign key exists,fact_portfolio_snapshot,benchmark_id,dim_benchmark.benchmark_id,7540,7539,,Foreign key is blank
Foreign key exists,fact_portfolio_snapshot,benchmark_id,dim_benchmark.benchmark_id,7828,7827,,Foreign key is blank
Foreign key exists,fact_portfolio_snapshot,benchmark_id,dim_benchmark.benchmark_id,8063,8062,,Foreign key is blank
Foreign key exists,fact_portfolio_snapshot,benchmark_id,dim_benchmark.benchmark_id,8153,8152,,Foreign key is blank
Foreign key exists,fact_portfolio_snapshot,benchmark_id,dim_benchmark.benchmark_id,8377,8376,,Foreign key is blank
Foreign key exists,fact_portfolio_snapshot,benchmark_id,dim_benchmark.benchmark_id,8539,8538,,Foreign key is blank
Foreign key exists,fact_portfolio_snapshot,benchmark_id,dim_benchmark.benchmark_id,8766,8765,,Foreign key is blank
Foreign key exists,fact_portfolio_snapshot,benchmark_id,dim_benchmark.benchmark_id,8945,8944,,Foreign key is blank
Foreign key exists,fact_portfolio_snapshot,benchmark_id,dim_benchmark.benchmark_id,8954,8953,,Foreign key is blank
Foreign key exists,fact_portfolio_snapshot,benchmark_id,dim_benchmark.benchmark_id,8973,8972,,Foreign key is blank
Foreign key exists,fact_portfolio_snapshot,benchmark_id,dim_benchmark.benchmark_id,9023,9022,,Foreign key is blank
Foreign key exists,fact_portfolio_snapshot,benchmark_id,dim_benchmark.benchmark_id,9073,9072,,Foreign key is blank
Foreign key exists,fact_portfolio_snapshot,benchmark_id,dim_benchmark.benchmark_id,9166,9165,,Foreign key is blank
Foreign key exists,fact_portfolio_snapshot,benchmark_id,dim_benchmark.benchmark_id,9205,9204,,Foreign key is blank
Foreign key exists,fact_portfolio_snapshot,benchmark_id,dim_benchmark.benchmark_id,9354,9353,,Foreign key is blank
Foreign key exists,fact_portfolio_snapshot,benchmark_id,dim_benchmark.benchmark_id,9537,9536,,Foreign key is blank
Foreign key exists,fact_portfolio_snapshot,benchmark_id,dim_benchmark.benchmark_id,9733,9732,,Foreign key is blank
Foreign key exists,fact_portfolio_snapshot,benchmark_id,dim_benchmark.benchmark_id,9778,9777,,Foreign key is blank
Foreign key exists,fact_portfolio_snapshot,benchmark_id,dim_benchmark.benchmark_id,9821,9820,,Foreign key is blank
Foreign key exists,fact_portfolio_snapshot,benchmark_id,dim_benchmark.benchmark_id,10220,10219,,Foreign key is blank
Foreign key exists,fact_portfolio_snapshot,benchmark_id,dim_benchmark.benchmark_id,10236,10235,,Foreign key is blank
Foreign key exists,fact_portfolio_snapshot,benchmark_id,dim_benchmark.benchmark_id,10592,10591,,Foreign key is blank
Foreign key exists,fact_portfolio_snapshot,benchmark_id,dim_benchmark.benchmark_id,10650,10649,,Foreign key is blank
Foreign key exists,fact_portfolio_snapshot,benchmark_id,dim_benchmark.benchmark_id,10747,10746,,Foreign key is blank
Foreign key exists,fact_portfolio_snapshot,benchmark_id,dim_benchmark.benchmark_id,10754,10753,,Foreign key is blank
Foreign key exists,fact_portfolio_snapshot,benchmark_id,dim_benchmark.benchmark_id,10777,10776,,Foreign key is blank
Foreign key exists,fact_portfolio_snapshot,benchmark_id,dim_benchmark.benchmark_id,10885,10884,,Foreign key is blank
Foreign key exists,fact_portfolio_snapshot,benchmark_id,dim_benchmark.benchmark_id,10921,10920,,Foreign key is blank
Foreign key exists,fact_portfolio_snapshot,benchmark_id,dim_benchmark.benchmark_id,11416,11415,,Foreign key is blank
Foreign key exists,fact_portfolio_snapshot,benchmark_id,dim_benchmark.benchmark_id,11525,11524,,Foreign key is blank
Foreign key exists,fact_portfolio_snapshot,benchmark_id,dim_benchmark.benchmark_id,11705,11704,,Foreign key is blank
Foreign key exists,fact_portfolio_snapshot,benchmark_id,dim_benchmark.benchmark_id,11715,11714,,Foreign key is blank
Foreign key exists,fact_portfolio_snapshot,benchmark_id,dim_benchmark.benchmark_id,11722,11721,,Foreign key is blank
Foreign key exists,fact_portfolio_snapshot,benchmark_id,dim_benchmark.benchmark_id,11869,11868,,Foreign key is blank
Foreign key exists,fact_portfolio_snapshot,benchmark_id,dim_benchmark.benchmark_id,11889,11888,,Foreign key is blank
Foreign key exists,fact_portfolio_snapshot,benchmark_id,dim_benchmark.benchmark_id,11909,11908,,Foreign key is blank
Foreign key exists,fact_portfolio_snapshot,benchmark_id,dim_benchmark.benchmark_id,11967,11966,,Foreign key is blank
Foreign key exists,fact_portfolio_snapshot,benchmark_id,dim_benchmark.benchmark_id,11968,11967,,Foreign key is blank
Foreign key exists,fact_portfolio_snapshot,benchmark_id,dim_benchmark.benchmark_id,12013,12012,,Foreign key is blank
Foreign key exists,fact_portfolio_snapshot,benchmark_id,dim_benchmark.benchmark_id,12154,12153,,Foreign key is blank
Foreign key exists,fact_portfolio_snapshot,benchmark_id,dim_benchmark.benchmark_id,12542,12541,,Foreign key is blank
Foreign key exists,fact_portfolio_snapshot,benchmark_id,dim_benchmark.benchmark_id,12802,12801,,Foreign key is blank
Foreign key exists,fact_portfolio_snapshot,benchmark_id,dim_benchmark.benchmark_id,12889,12888,,Foreign key is blank
Foreign key exists,fact_portfolio_snapshot,benchmark_id,dim_benchmark.benchmark_id,13075,13074,,Foreign key is blank
Foreign key exists,fact_portfolio_snapshot,benchmark_id,dim_benchmark.benchmark_id,13268,13267,,Foreign key is blank
Foreign key exists,fact_portfolio_snapshot,benchmark_id,dim_benchmark.benchmark_id,13471,13470,,Foreign key is blank
Foreign key exists,fact_portfolio_snapshot,benchmark_id,dim_benchmark.benchmark_id,13493,13492,,Foreign key is blank
Foreign key exists,fact_portfolio_snapshot,benchmark_id,dim_benchmark.benchmark_id,13579,13578,,Foreign key is blank
Foreign key exists,fact_portfolio_snapshot,benchmark_id,dim_benchmark.benchmark_id,13613,13612,,Foreign key is blank
Foreign key exists,fact_portfolio_snapshot,benchmark_id,dim_benchmark.benchmark_id,13773,13772,,Foreign key is blank
Foreign key exists,fact_portfolio_snapshot,benchmark_id,dim_benchmark.benchmark_id,13776,13775,,Foreign key is blank
Foreign key exists,fact_portfolio_snapshot,benchmark_id,dim_benchmark.benchmark_id,13797,13796,,Foreign key is blank
Foreign key exists,fact_portfolio_snapshot,benchmark_id,dim_benchmark.benchmark_id,13878,13877,,Foreign key is blank
Foreign key exists,fact_portfolio_snapshot,benchmark_id,dim_benchmark.benchmark_id,13879,13878,,Foreign key is blank
Foreign key exists,fact_portfolio_snapshot,benchmark_id,dim_benchmark.benchmark_id,14142,14141,,Foreign key is blank
Foreign key exists,fact_portfolio_snapshot,benchmark_id,dim_benchmark.benchmark_id,14181,14180,,Foreign key is blank
Foreign key exists,fact_portfolio_snapshot,benchmark_id,dim_benchmark.benchmark_id,14362,14361,,Foreign key is blank
Foreign key exists,fact_portfolio_snapshot,benchmark_id,dim_benchmark.benchmark_id,14499,14498,,Foreign key is blank
Foreign key exists,fact_portfolio_snapshot,benchmark_id,dim_benchmark.benchmark_id,14517,14516,,Foreign key is blank
Foreign key exists,fact_portfolio_snapshot,benchmark_id,dim_benchmark.benchmark_id,14531,14530,,Foreign key is blank
Foreign key exists,fact_portfolio_snapshot,benchmark_id,dim_benchmark.benchmark_id,14559,14558,,Foreign key is blank
Foreign key exists,fact_portfolio_snapshot,benchmark_id,dim_benchmark.benchmark_id,14869,14868,,Foreign key is blank
Foreign key exists,fact_portfolio_snapshot,benchmark_id,dim_benchmark.benchmark_id,14922,14921,,Foreign key is blank
Foreign key exists,fact_portfolio_snapshot,benchmark_id,dim_benchmark.benchmark_id,14974,14973,,Foreign key is blank
Foreign key exists,fact_portfolio_snapshot,benchmark_id,dim_benchmark.benchmark_id,14983,14982,,Foreign key is blank
Foreign key exists,fact_portfolio_snapshot,benchmark_id,dim_benchmark.benchmark_id,15058,15057,,Foreign key is blank
Foreign key exists,fact_portfolio_snapshot,benchmark_id,dim_benchmark.benchmark_id,15146,15145,,Foreign key is blank
Foreign key exists,fact_portfolio_snapshot,benchmark_id,dim_benchmark.benchmark_id,15265,15264,,Foreign key is blank
Foreign key exists,fact_portfolio_snapshot,benchmark_id,dim_benchmark.benchmark_id,15288,15287,,Foreign key is blank
Foreign key exists,fact_portfolio_snapshot,benchmark_id,dim_benchmark.benchmark_id,15347,15346,,Foreign key is blank
Foreign key exists,fact_portfolio_snapshot,benchmark_id,dim_benchmark.benchmark_id,15526,15525,,Foreign key is blank
Foreign key exists,fact_portfolio_snapshot,benchmark_id,dim_benchmark.benchmark_id,15678,15677,,Foreign key is blank
Foreign key exists,fact_portfolio_snapshot,benchmark_id,dim_benchmark.benchmark_id,15813,15812,,Foreign key is blank
Foreign key exists,fact_portfolio_snapshot,benchmark_id,dim_benchmark.benchmark_id,15844,15843,,Foreign key is blank
Foreign key exists,fact_portfolio_snapshot,benchmark_id,dim_benchmark.benchmark_id,15881,15880,,Foreign key is blank
Foreign key exists,fact_portfolio_snapshot,benchmark_id,dim_benchmark.benchmark_id,15968,15967,,Foreign key is blank
Foreign key exists,fact_portfolio_snapshot,benchmark_id,dim_benchmark.benchmark_id,15987,15986,,Foreign key is blank
Foreign key exists,fact_portfolio_snapshot,benchmark_id,dim_benchmark.benchmark_id,16019,16018,,Foreign key is blank
Foreign key exists,fact_portfolio_snapshot,benchmark_id,dim_benchmark.benchmark_id,16024,16023,,Foreign key is blank
Foreign key exists,fact_portfolio_snapshot,benchmark_id,dim_benchmark.benchmark_id,16081,16080,,Foreign key is blank
Foreign key exists,fact_portfolio_snapshot,benchmark_id,dim_benchmark.benchmark_id,16096,16095,,Foreign key is blank
Foreign key exists,fact_portfolio_snapshot,benchmark_id,dim_benchmark.benchmark_id,16113,16112,,Foreign key is blank
Foreign key exists,fact_portfolio_snapshot,benchmark_id,dim_benchmark.benchmark_id,16145,16144,,Foreign key is blank
Foreign key exists,fact_portfolio_snapshot,benchmark_id,dim_benchmark.benchmark_id,16298,16297,,Foreign key is blank
Foreign key exists,fact_portfolio_snapshot,benchmark_id,dim_benchmark.benchmark_id,16302,16301,,Foreign key is blank
Foreign key exists,fact_portfolio_snapshot,benchmark_id,dim_benchmark.benchmark_id,16522,16521,,Foreign key is blank
Foreign key exists,fact_portfolio_snapshot,benchmark_id,dim_benchmark.benchmark_id,16685,16684,,Foreign key is blank
Foreign key exists,fact_portfolio_snapshot,benchmark_id,dim_benchmark.benchmark_id,16694,16693,,Foreign key is blank
Foreign key exists,fact_portfolio_snapshot,benchmark_id,dim_benchmark.benchmark_id,16721,16720,,Foreign key is blank
Foreign key exists,fact_portfolio_snapshot,benchmark_id,dim_benchmark.benchmark_id,16898,16897,,Foreign key is blank
Foreign key exists,fact_portfolio_snapshot,benchmark_id,dim_benchmark.benchmark_id,16904,16903,,Foreign key is blank
Foreign key exists,fact_portfolio_snapshot,benchmark_id,dim_benchmark.benchmark_id,16965,16964,,Foreign key is blank
Foreign key exists,fact_portfolio_snapshot,benchmark_id,dim_benchmark.benchmark_id,17010,17009,,Foreign key is blank
Foreign key exists,fact_portfolio_snapshot,benchmark_id,dim_benchmark.benchmark_id,17453,17452,,Foreign key is blank
Foreign key exists,fact_portfolio_snapshot,benchmark_id,dim_benchmark.benchmark_id,17544,17543,,Foreign key is blank
Foreign key exists,fact_portfolio_snapshot,benchmark_id,dim_benchmark.benchmark_id,17827,17826,,Foreign key is blank
Foreign key exists,fact_portfolio_snapshot,benchmark_id,dim_benchmark.benchmark_id,17837,17836,,Foreign key is blank
Foreign key exists,fact_portfolio_snapshot,benchmark_id,dim_benchmark.benchmark_id,18006,18005,,Foreign key is blank
Foreign key exists,fact_portfolio_snapshot,benchmark_id,dim_benchmark.benchmark_id,18061,18060,,Foreign key is blank
Foreign key exists,fact_portfolio_snapshot,benchmark_id,dim_benchmark.benchmark_id,18204,18203,,Foreign key is blank
Foreign key exists,fact_portfolio_snapshot,benchmark_id,dim_benchmark.benchmark_id,18248,18247,,Foreign key is blank
Foreign key exists,fact_portfolio_snapshot,benchmark_id,dim_benchmark.benchmark_id,18480,18479,,Foreign key is blank
Foreign key exists,fact_portfolio_snapshot,benchmark_id,dim_benchmark.benchmark_id,18798,18797,,Foreign key is blank
Foreign key exists,fact_portfolio_snapshot,benchmark_id,dim_benchmark.benchmark_id,19100,19099,,Foreign key is blank
Foreign key exists,fact_portfolio_snapshot,benchmark_id,dim_benchmark.benchmark_id,19140,19139,,Foreign key is blank
Foreign key exists,fact_portfolio_snapshot,benchmark_id,dim_benchmark.benchmark_id,19524,19523,,Foreign key is blank
Foreign key exists,fact_portfolio_snapshot,benchmark_id,dim_benchmark.benchmark_id,19531,19530,,Foreign key is blank
Foreign key exists,fact_portfolio_snapshot,benchmark_id,dim_benchmark.benchmark_id,19587,19586,,Foreign key is blank
Foreign key exists,fact_portfolio_snapshot,benchmark_id,dim_benchmark.benchmark_id,19621,19620,,Foreign key is blank
Foreign key exists,fact_portfolio_snapshot,benchmark_id,dim_benchmark.benchmark_id,19691,19690,,Foreign key is blank
Foreign key exists,fact_portfolio_snapshot,benchmark_id,dim_benchmark.benchmark_id,19794,19793,,Foreign key is blank
Foreign key exists,fact_portfolio_snapshot,benchmark_id,dim_benchmark.benchmark_id,19967,19966,,Foreign key is blank
Foreign key exists,fact_portfolio_snapshot,benchmark_id,dim_benchmark.benchmark_id,20024,20023,,Foreign key is blank
Foreign key exists,fact_portfolio_snapshot,benchmark_id,dim_benchmark.benchmark_id,20159,20158,,Foreign key is blank
Foreign key exists,fact_portfolio_snapshot,benchmark_id,dim_benchmark.benchmark_id,20194,20193,,Foreign key is blank
Foreign key exists,fact_portfolio_snapshot,benchmark_id,dim_benchmark.benchmark_id,20281,20280,,Foreign key is blank
Foreign key exists,fact_portfolio_snapshot,benchmark_id,dim_benchmark.benchmark_id,20282,20281,,Foreign key is blank
Foreign key exists,fact_portfolio_snapshot,benchmark_id,dim_benchmark.benchmark_id,20418,20417,,Foreign key is blank
Foreign key exists,fact_portfolio_snapshot,benchmark_id,dim_benchmark.benchmark_id,20484,20483,,Foreign key is blank
Foreign key exists,fact_portfolio_snapshot,benchmark_id,dim_benchmark.benchmark_id,20523,20522,,Foreign key is blank
Foreign key exists,fact_portfolio_snapshot,benchmark_id,dim_benchmark.benchmark_id,20717,20716,,Foreign key is blank
Foreign key exists,fact_portfolio_snapshot,benchmark_id,dim_benchmark.benchmark_id,21144,21143,,Foreign key is blank
Foreign key exists,fact_portfolio_snapshot,benchmark_id,dim_benchmark.benchmark_id,21370,21369,,Foreign key is blank
Foreign key exists,fact_portfolio_snapshot,benchmark_id,dim_benchmark.benchmark_id,21557,21556,,Foreign key is blank
Foreign key exists,fact_portfolio_snapshot,benchmark_id,dim_benchmark.benchmark_id,21595,21594,,Foreign key is blank
Foreign key exists,fact_portfolio_snapshot,benchmark_id,dim_benchmark.benchmark_id,21698,21697,,Foreign key is blank
Foreign key exists,fact_portfolio_snapshot,benchmark_id,dim_benchmark.benchmark_id,21728,21727,,Foreign key is blank
Foreign key exists,fact_portfolio_snapshot,benchmark_id,dim_benchmark.benchmark_id,21802,21801,,Foreign key is blank
Foreign key exists,fact_portfolio_snapshot,benchmark_id,dim_benchmark.benchmark_id,21954,21953,,Foreign key is blank
Foreign key exists,fact_portfolio_snapshot,benchmark_id,dim_benchmark.benchmark_id,21981,21980,,Foreign key is blank
Foreign key exists,fact_portfolio_snapshot,benchmark_id,dim_benchmark.benchmark_id,21986,21985,,Foreign key is blank
Foreign key exists,fact_portfolio_snapshot,benchmark_id,dim_benchmark.benchmark_id,22061,22060,,Foreign key is blank
Foreign key exists,fact_portfolio_snapshot,benchmark_id,dim_benchmark.benchmark_id,22189,22188,,Foreign key is blank
Foreign key exists,fact_portfolio_snapshot,benchmark_id,dim_benchmark.benchmark_id,22442,22441,,Foreign key is blank
Foreign key exists,fact_portfolio_snapshot,benchmark_id,dim_benchmark.benchmark_id,22467,22466,,Foreign key is blank
Foreign key exists,fact_portfolio_snapshot,benchmark_id,dim_benchmark.benchmark_id,22470,22469,,Foreign key is blank
Foreign key exists,fact_portfolio_snapshot,benchmark_id,dim_benchmark.benchmark_id,22558,22557,,Foreign key is blank
Foreign key exists,fact_portfolio_snapshot,benchmark_id,dim_benchmark.benchmark_id,22874,22873,,Foreign key is blank
Foreign key exists,fact_portfolio_snapshot,benchmark_id,dim_benchmark.benchmark_id,22888,22887,,Foreign key is blank
Foreign key exists,fact_portfolio_snapshot,benchmark_id,dim_benchmark.benchmark_id,22895,22894,,Foreign key is blank
Foreign key exists,fact_portfolio_snapshot,benchmark_id,dim_benchmark.benchmark_id,23014,23013,,Foreign key is blank
Foreign key exists,fact_portfolio_snapshot,benchmark_id,dim_benchmark.benchmark_id,23073,23072,,Foreign key is blank
Foreign key exists,fact_portfolio_snapshot,benchmark_id,dim_benchmark.benchmark_id,23148,23147,,Foreign key is blank
Foreign key exists,fact_portfolio_snapshot,benchmark_id,dim_benchmark.benchmark_id,23170,23169,,Foreign key is blank
Foreign key exists,fact_portfolio_snapshot,benchmark_id,dim_benchmark.benchmark_id,23244,23243,,Foreign key is blank
Foreign key exists,fact_portfolio_snapshot,benchmark_id,dim_benchmark.benchmark_id,23255,23254,,Foreign key is blank
Foreign key exists,fact_portfolio_snapshot,benchmark_id,dim_benchmark.benchmark_id,23327,23326,,Foreign key is blank
Foreign key exists,fact_portfolio_snapshot,benchmark_id,dim_benchmark.benchmark_id,23419,23418,,Foreign key is blank
Foreign key exists,fact_portfolio_snapshot,benchmark_id,dim_benchmark.benchmark_id,23463,23462,,Foreign key is blank
Foreign key exists,fact_portfolio_snapshot,benchmark_id,dim_benchmark.benchmark_id,23465,23464,,Foreign key is blank
Foreign key exists,fact_portfolio_snapshot,benchmark_id,dim_benchmark.benchmark_id,23578,23577,,Foreign key is blank
Foreign key exists,fact_portfolio_snapshot,benchmark_id,dim_benchmark.benchmark_id,23777,23776,,Foreign key is blank
Foreign key exists,fact_portfolio_snapshot,benchmark_id,dim_benchmark.benchmark_id,23838,23837,,Foreign key is blank
Foreign key exists,fact_portfolio_snapshot,benchmark_id,dim_benchmark.benchmark_id,23873,23872,,Foreign key is blank
Foreign key exists,fact_portfolio_snapshot,benchmark_id,dim_benchmark.benchmark_id,23889,23888,,Foreign key is blank
Foreign key exists,fact_portfolio_snapshot,benchmark_id,dim_benchmark.benchmark_id,24040,24039,,Foreign key is blank
Foreign key exists,fact_portfolio_snapshot,benchmark_id,dim_benchmark.benchmark_id,24338,24337,,Foreign key is blank
Foreign key exists,fact_portfolio_snapshot,benchmark_id,dim_benchmark.benchmark_id,24354,24353,,Foreign key is blank
Foreign key exists,fact_portfolio_snapshot,benchmark_id,dim_benchmark.benchmark_id,24381,24380,,Foreign key is blank
Foreign key exists,fact_portfolio_snapshot,benchmark_id,dim_benchmark.benchmark_id,24410,24409,,Foreign key is blank
Foreign key exists,fact_portfolio_snapshot,benchmark_id,dim_benchmark.benchmark_id,24413,24412,,Foreign key is blank
Foreign key exists,fact_portfolio_snapshot,benchmark_id,dim_benchmark.benchmark_id,24428,24427,,Foreign key is blank
Foreign key exists,fact_portfolio_snapshot,benchmark_id,dim_benchmark.benchmark_id,24441,24440,,Foreign key is blank
Foreign key exists,fact_portfolio_snapshot,benchmark_id,dim_benchmark.benchmark_id,24443,24442,,Foreign key is blank
Foreign key exists,fact_portfolio_snapshot,benchmark_id,dim_benchmark.benchmark_id,24451,24450,,Foreign key is blank
Foreign key exists,fact_portfolio_snapshot,benchmark_id,dim_benchmark.benchmark_id,24651,24650,,Foreign key is blank
Foreign key exists,fact_portfolio_snapshot,benchmark_id,dim_benchmark.benchmark_id,24729,24728,,Foreign key is blank
Foreign key exists,fact_portfolio_snapshot,benchmark_id,dim_benchmark.benchmark_id,24900,24899,,Foreign key is blank
Foreign key exists,fact_portfolio_snapshot,benchmark_id,dim_benchmark.benchmark_id,25045,25044,,Foreign key is blank
Foreign key exists,fact_portfolio_snapshot,benchmark_id,dim_benchmark.benchmark_id,25291,25290,,Foreign key is blank
Foreign key exists,fact_portfolio_snapshot,benchmark_id,dim_benchmark.benchmark_id,25328,25327,,Foreign key is blank
Foreign key exists,fact_portfolio_snapshot,benchmark_id,dim_benchmark.benchmark_id,25367,25366,,Foreign key is blank
Foreign key exists,fact_portfolio_snapshot,benchmark_id,dim_benchmark.benchmark_id,25417,25416,,Foreign key is blank
Foreign key exists,fact_portfolio_snapshot,benchmark_id,dim_benchmark.benchmark_id,25492,25491,,Foreign key is blank
Foreign key exists,fact_portfolio_snapshot,benchmark_id,dim_benchmark.benchmark_id,25501,25500,,Foreign key is blank
Foreign key exists,fact_portfolio_snapshot,benchmark_id,dim_benchmark.benchmark_id,25615,25614,,Foreign key is blank
Foreign key exists,fact_portfolio_snapshot,benchmark_id,dim_benchmark.benchmark_id,25630,25629,,Foreign key is blank
Foreign key exists,fact_portfolio_snapshot,benchmark_id,dim_benchmark.benchmark_id,25631,25630,,Foreign key is blank
Foreign key exists,fact_portfolio_snapshot,benchmark_id,dim_benchmark.benchmark_id,25676,25675,,Foreign key is blank
Foreign key exists,fact_portfolio_snapshot,benchmark_id,dim_benchmark.benchmark_id,25734,25733,,Foreign key is blank
Foreign key exists,fact_portfolio_snapshot,benchmark_id,dim_benchmark.benchmark_id,25796,25795,,Foreign key is blank
Foreign key exists,fact_portfolio_snapshot,benchmark_id,dim_benchmark.benchmark_id,25865,25864,,Foreign key is blank
Foreign key exists,fact_portfolio_snapshot,benchmark_id,dim_benchmark.benchmark_id,25884,25883,,Foreign key is blank
Foreign key exists,fact_portfolio_snapshot,benchmark_id,dim_benchmark.benchmark_id,25970,25969,,Foreign key is blank
Foreign key exists,fact_portfolio_snapshot,benchmark_id,dim_benchmark.benchmark_id,25986,25985,,Foreign key is blank
Foreign key exists,fact_portfolio_snapshot,benchmark_id,dim_benchmark.benchmark_id,26066,26065,,Foreign key is blank
Foreign key exists,fact_portfolio_snapshot,benchmark_id,dim_benchmark.benchmark_id,26067,26066,,Foreign key is blank
Foreign key exists,fact_portfolio_snapshot,benchmark_id,dim_benchmark.benchmark_id,26187,26186,,Foreign key is blank
Foreign key exists,fact_portfolio_snapshot,benchmark_id,dim_benchmark.benchmark_id,26323,26322,,Foreign key is blank
Foreign key exists,fact_portfolio_snapshot,benchmark_id,dim_benchmark.benchmark_id,26367,26366,,Foreign key is blank
Foreign key exists,fact_portfolio_snapshot,benchmark_id,dim_benchmark.benchmark_id,26452,26451,,Foreign key is blank
Foreign key exists,fact_portfolio_snapshot,benchmark_id,dim_benchmark.benchmark_id,26474,26473,,Foreign key is blank
Foreign key exists,fact_portfolio_snapshot,benchmark_id,dim_benchmark.benchmark_id,26734,26733,,Foreign key is blank
Foreign key exists,fact_portfolio_snapshot,benchmark_id,dim_benchmark.benchmark_id,26836,26835,,Foreign key is blank
Foreign key exists,fact_portfolio_snapshot,benchmark_id,dim_benchmark.benchmark_id,26904,26903,,Foreign key is blank
Foreign key exists,fact_portfolio_snapshot,benchmark_id,dim_benchmark.benchmark_id,26987,26986,,Foreign key is blank
Foreign key exists,fact_portfolio_snapshot,benchmark_id,dim_benchmark.benchmark_id,27174,27173,,Foreign key is blank
Foreign key exists,fact_portfolio_snapshot,benchmark_id,dim_benchmark.benchmark_id,27185,27184,,Foreign key is blank
Foreign key exists,fact_portfolio_snapshot,benchmark_id,dim_benchmark.benchmark_id,27415,27414,,Foreign key is blank
Foreign key exists,fact_portfolio_snapshot,benchmark_id,dim_benchmark.benchmark_id,27661,27660,,Foreign key is blank
Foreign key exists,fact_portfolio_snapshot,benchmark_id,dim_benchmark.benchmark_id,27673,27672,,Foreign key is blank
Foreign key exists,fact_portfolio_snapshot,benchmark_id,dim_benchmark.benchmark_id,27694,27693,,Foreign key is blank
Foreign key exists,fact_portfolio_snapshot,benchmark_id,dim_benchmark.benchmark_id,27832,27831,,Foreign key is blank
Foreign key exists,fact_portfolio_snapshot,benchmark_id,dim_benchmark.benchmark_id,27930,27929,,Foreign key is blank
Foreign key exists,fact_portfolio_snapshot,benchmark_id,dim_benchmark.benchmark_id,28081,28080,,Foreign key is blank
Foreign key exists,fact_portfolio_snapshot,benchmark_id,dim_benchmark.benchmark_id,28138,28137,,Foreign key is blank
Foreign key exists,fact_portfolio_snapshot,benchmark_id,dim_benchmark.benchmark_id,28488,28487,,Foreign key is blank
Foreign key exists,fact_portfolio_snapshot,benchmark_id,dim_benchmark.benchmark_id,28526,28525,,Foreign key is blank
Foreign key exists,fact_portfolio_snapshot,benchmark_id,dim_benchmark.benchmark_id,28755,28754,,Foreign key is blank
Foreign key exists,fact_portfolio_snapshot,benchmark_id,dim_benchmark.benchmark_id,28766,28765,,Foreign key is blank
Foreign key exists,fact_portfolio_snapshot,benchmark_id,dim_benchmark.benchmark_id,29058,29057,,Foreign key is blank
Foreign key exists,fact_portfolio_snapshot,benchmark_id,dim_benchmark.benchmark_id,29078,29077,,Foreign key is blank
Foreign key exists,fact_portfolio_snapshot,benchmark_id,dim_benchmark.benchmark_id,29151,29150,,Foreign key is blank
Foreign key exists,fact_portfolio_snapshot,benchmark_id,dim_benchmark.benchmark_id,29179,29178,,Foreign key is blank
Foreign key exists,fact_portfolio_snapshot,benchmark_id,dim_benchmark.benchmark_id,29192,29191,,Foreign key is blank
Foreign key exists,fact_portfolio_snapshot,benchmark_id,dim_benchmark.benchmark_id,29279,29278,,Foreign key is blank
Foreign key exists,fact_portfolio_snapshot,benchmark_id,dim_benchmark.benchmark_id,29468,29467,,Foreign key is blank
Foreign key exists,fact_portfolio_snapshot,benchmark_id,dim_benchmark.benchmark_id,29487,29486,,Foreign key is blank
Foreign key exists,fact_portfolio_snapshot,benchmark_id,dim_benchmark.benchmark_id,29568,29567,,Foreign key is blank
Foreign key exists,fact_portfolio_snapshot,benchmark_id,dim_benchmark.benchmark_id,29694,29693,,Foreign key is blank
Foreign key exists,fact_portfolio_snapshot,benchmark_id,dim_benchmark.benchmark_id,29906,29905,,Foreign key is blank
Foreign key exists,fact_portfolio_snapshot,benchmark_id,dim_benchmark.benchmark_id,30004,30003,,Foreign key is blank
Foreign key exists,fact_portfolio_snapshot,benchmark_id,dim_benchmark.benchmark_id,30006,30005,,Foreign key is blank
Foreign key exists,fact_portfolio_snapshot,benchmark_id,dim_benchmark.benchmark_id,30408,30407,,Foreign key is blank
Foreign key exists,fact_portfolio_snapshot,benchmark_id,dim_benchmark.benchmark_id,30430,30429,,Foreign key is blank
Foreign key exists,fact_portfolio_snapshot,benchmark_id,dim_benchmark.benchmark_id,30662,30661,,Foreign key is blank
Foreign key exists,fact_portfolio_snapshot,benchmark_id,dim_benchmark.benchmark_id,30710,30709,,Foreign key is blank
Foreign key exists,fact_portfolio_snapshot,benchmark_id,dim_benchmark.benchmark_id,30801,30800,,Foreign key is blank
Foreign key exists,fact_portfolio_snapshot,benchmark_id,dim_benchmark.benchmark_id,31023,31022,,Foreign key is blank
Foreign key exists,fact_portfolio_snapshot,benchmark_id,dim_benchmark.benchmark_id,31125,31124,,Foreign key is blank
Foreign key exists,fact_portfolio_snapshot,benchmark_id,dim_benchmark.benchmark_id,31136,31135,,Foreign key is blank
Foreign key exists,fact_portfolio_snapshot,benchmark_id,dim_benchmark.benchmark_id,31145,31144,,Foreign key is blank
Foreign key exists,fact_portfolio_snapshot,benchmark_id,dim_benchmark.benchmark_id,31197,31196,,Foreign key is blank
Foreign key exists,fact_portfolio_snapshot,benchmark_id,dim_benchmark.benchmark_id,31225,31224,,Foreign key is blank
Foreign key exists,fact_portfolio_snapshot,benchmark_id,dim_benchmark.benchmark_id,31360,31359,,Foreign key is blank
Foreign key exists,fact_portfolio_snapshot,benchmark_id,dim_benchmark.benchmark_id,31603,31602,,Foreign key is blank
Foreign key exists,fact_portfolio_snapshot,benchmark_id,dim_benchmark.benchmark_id,31668,31667,,Foreign key is blank
Foreign key exists,fact_portfolio_snapshot,benchmark_id,dim_benchmark.benchmark_id,31784,31783,,Foreign key is blank
Foreign key exists,fact_portfolio_snapshot,benchmark_id,dim_benchmark.benchmark_id,31870,31869,,Foreign key is blank
Foreign key exists,fact_portfolio_snapshot,benchmark_id,dim_benchmark.benchmark_id,31898,31897,,Foreign key is blank
Foreign key exists,fact_portfolio_snapshot,benchmark_id,dim_benchmark.benchmark_id,31966,31965,,Foreign key is blank
Foreign key exists,fact_portfolio_snapshot,benchmark_id,dim_benchmark.benchmark_id,32010,32009,,Foreign key is blank
Foreign key exists,fact_portfolio_snapshot,benchmark_id,dim_benchmark.benchmark_id,32102,32101,,Foreign key is blank
Foreign key exists,fact_portfolio_snapshot,benchmark_id,dim_benchmark.benchmark_id,32107,32106,,Foreign key is blank
Foreign key exists,fact_portfolio_snapshot,benchmark_id,dim_benchmark.benchmark_id,32215,32214,,Foreign key is blank
Foreign key exists,fact_portfolio_snapshot,benchmark_id,dim_benchmark.benchmark_id,32275,32274,,Foreign key is blank
Foreign key exists,fact_portfolio_snapshot,benchmark_id,dim_benchmark.benchmark_id,32388,32387,,Foreign key is blank
Foreign key exists,fact_portfolio_snapshot,benchmark_id,dim_benchmark.benchmark_id,32483,32482,,Foreign key is blank
Foreign key exists,fact_portfolio_snapshot,benchmark_id,dim_benchmark.benchmark_id,32587,32586,,Foreign key is blank
Foreign key exists,fact_portfolio_snapshot,benchmark_id,dim_benchmark.benchmark_id,32937,32936,,Foreign key is blank
Foreign key exists,fact_portfolio_snapshot,benchmark_id,dim_benchmark.benchmark_id,33021,33020,,Foreign key is blank
Foreign key exists,fact_portfolio_snapshot,benchmark_id,dim_benchmark.benchmark_id,33089,33088,,Foreign key is blank
Foreign key exists,fact_portfolio_snapshot,benchmark_id,dim_benchmark.benchmark_id,33145,33144,,Foreign key is blank
Foreign key exists,fact_portfolio_snapshot,benchmark_id,dim_benchmark.benchmark_id,33259,33258,,Foreign key is blank
Foreign key exists,fact_portfolio_snapshot,benchmark_id,dim_benchmark.benchmark_id,33337,33336,,Foreign key is blank
Foreign key exists,fact_portfolio_snapshot,benchmark_id,dim_benchmark.benchmark_id,33450,33449,,Foreign key is blank
Foreign key exists,fact_portfolio_snapshot,benchmark_id,dim_benchmark.benchmark_id,33590,33589,,Foreign key is blank
Foreign key exists,fact_portfolio_snapshot,benchmark_id,dim_benchmark.benchmark_id,33730,33729,,Foreign key is blank
Foreign key exists,fact_portfolio_snapshot,benchmark_id,dim_benchmark.benchmark_id,33820,33819,,Foreign key is blank
Foreign key exists,fact_portfolio_snapshot,benchmark_id,dim_benchmark.benchmark_id,33860,33859,,Foreign key is blank
Foreign key exists,fact_portfolio_snapshot,benchmark_id,dim_benchmark.benchmark_id,33878,33877,,Foreign key is blank
Foreign key exists,fact_portfolio_snapshot,benchmark_id,dim_benchmark.benchmark_id,34261,34260,,Foreign key is blank
Foreign key exists,fact_portfolio_snapshot,benchmark_id,dim_benchmark.benchmark_id,34671,34670,,Foreign key is blank
Foreign key exists,fact_portfolio_snapshot,benchmark_id,dim_benchmark.benchmark_id,34884,34883,,Foreign key is blank
Foreign key exists,fact_portfolio_snapshot,benchmark_id,dim_benchmark.benchmark_id,34913,34912,,Foreign key is blank
Foreign key exists,fact_portfolio_snapshot,benchmark_id,dim_benchmark.benchmark_id,34925,34924,,Foreign key is blank
Foreign key exists,fact_portfolio_snapshot,benchmark_id,dim_benchmark.benchmark_id,34950,34949,,Foreign key is blank
Foreign key exists,fact_portfolio_snapshot,benchmark_id,dim_benchmark.benchmark_id,35122,35121,,Foreign key is blank
Foreign key exists,fact_portfolio_snapshot,benchmark_id,dim_benchmark.benchmark_id,35210,35209,,Foreign key is blank
Foreign key exists,fact_portfolio_snapshot,benchmark_id,dim_benchmark.benchmark_id,35289,35288,,Foreign key is blank
Foreign key exists,fact_portfolio_snapshot,benchmark_id,dim_benchmark.benchmark_id,35350,35349,,Foreign key is blank
Foreign key exists,fact_portfolio_snapshot,benchmark_id,dim_benchmark.benchmark_id,35418,35417,,Foreign key is blank
Foreign key exists,fact_portfolio_snapshot,benchmark_id,dim_benchmark.benchmark_id,35607,35606,,Foreign key is blank
Foreign key exists,fact_portfolio_snapshot,benchmark_id,dim_benchmark.benchmark_id,36035,36034,,Foreign key is blank
Foreign key exists,fact_portfolio_snapshot,benchmark_id,dim_benchmark.benchmark_id,36123,36122,,Foreign key is blank
Foreign key exists,fact_portfolio_snapshot,benchmark_id,dim_benchmark.benchmark_id,36162,36161,,Foreign key is blank
Foreign key exists,fact_portfolio_snapshot,benchmark_id,dim_benchmark.benchmark_id,36448,36447,,Foreign key is blank
Foreign key exists,fact_portfolio_snapshot,benchmark_id,dim_benchmark.benchmark_id,36737,36736,,Foreign key is blank
Foreign key exists,fact_portfolio_snapshot,benchmark_id,dim_benchmark.benchmark_id,36933,36932,,Foreign key is blank
Foreign key exists,fact_portfolio_snapshot,benchmark_id,dim_benchmark.benchmark_id,36972,36971,,Foreign key is blank
Foreign key exists,fact_portfolio_snapshot,benchmark_id,dim_benchmark.benchmark_id,37056,37055,,Foreign key is blank
Foreign key exists,fact_portfolio_snapshot,benchmark_id,dim_benchmark.benchmark_id,37160,37159,,Foreign key is blank
Foreign key exists,fact_portfolio_snapshot,benchmark_id,dim_benchmark.benchmark_id,37318,37317,,Foreign key is blank
Foreign key exists,fact_portfolio_snapshot,benchmark_id,dim_benchmark.benchmark_id,37440,37439,,Foreign key is blank
Foreign key exists,fact_portfolio_snapshot,benchmark_id,dim_benchmark.benchmark_id,37450,37449,,Foreign key is blank
Foreign key exists,fact_portfolio_snapshot,benchmark_id,dim_benchmark.benchmark_id,37471,37470,,Foreign key is blank
Foreign key exists,fact_portfolio_snapshot,benchmark_id,dim_benchmark.benchmark_id,37546,37545,,Foreign key is blank
Foreign key exists,fact_portfolio_snapshot,benchmark_id,dim_benchmark.benchmark_id,37907,37906,,Foreign key is blank
Foreign key exists,fact_portfolio_snapshot,benchmark_id,dim_benchmark.benchmark_id,37998,37997,,Foreign key is blank
Foreign key exists,fact_portfolio_snapshot,benchmark_id,dim_benchmark.benchmark_id,38072,38071,,Foreign key is blank
Foreign key exists,fact_portfolio_snapshot,benchmark_id,dim_benchmark.benchmark_id,38292,38291,,Foreign key is blank
Foreign key exists,fact_portfolio_snapshot,benchmark_id,dim_benchmark.benchmark_id,38307,38306,,Foreign key is blank
Foreign key exists,fact_portfolio_snapshot,benchmark_id,dim_benchmark.benchmark_id,38468,38467,,Foreign key is blank
Foreign key exists,fact_portfolio_snapshot,benchmark_id,dim_benchmark.benchmark_id,38599,38598,,Foreign key is blank
Foreign key exists,fact_portfolio_snapshot,benchmark_id,dim_benchmark.benchmark_id,38656,38655,,Foreign key is blank
Foreign key exists,fact_portfolio_snapshot,benchmark_id,dim_benchmark.benchmark_id,38679,38678,,Foreign key is blank
Foreign key exists,fact_portfolio_snapshot,benchmark_id,dim_benchmark.benchmark_id,38775,38774,,Foreign key is blank
Foreign key exists,fact_portfolio_snapshot,benchmark_id,dim_benchmark.benchmark_id,38950,38949,,Foreign key is blank
Foreign key exists,fact_portfolio_snapshot,benchmark_id,dim_benchmark.benchmark_id,38982,38981,,Foreign key is blank
Foreign key exists,fact_portfolio_snapshot,benchmark_id,dim_benchmark.benchmark_id,39186,39185,,Foreign key is blank
Foreign key exists,fact_portfolio_snapshot,benchmark_id,dim_benchmark.benchmark_id,39307,39306,,Foreign key is blank
Foreign key exists,fact_portfolio_snapshot,benchmark_id,dim_benchmark.benchmark_id,39411,39410,,Foreign key is blank
Foreign key exists,fact_portfolio_snapshot,benchmark_id,dim_benchmark.benchmark_id,39566,39565,,Foreign key is blank
Foreign key exists,fact_portfolio_snapshot,benchmark_id,dim_benchmark.benchmark_id,39672,39671,,Foreign key is blank
Foreign key exists,fact_portfolio_snapshot,benchmark_id,dim_benchmark.benchmark_id,39898,39897,,Foreign key is blank
Foreign key exists,fact_portfolio_snapshot,benchmark_id,dim_benchmark.benchmark_id,40203,40202,,Foreign key is blank
Foreign key exists,fact_portfolio_snapshot,benchmark_id,dim_benchmark.benchmark_id,40252,40251,,Foreign key is blank
Foreign key exists,fact_portfolio_snapshot,benchmark_id,dim_benchmark.benchmark_id,40593,40592,,Foreign key is blank
Foreign key exists,fact_portfolio_snapshot,benchmark_id,dim_benchmark.benchmark_id,40606,40605,,Foreign key is blank
Foreign key exists,fact_portfolio_snapshot,benchmark_id,dim_benchmark.benchmark_id,40735,40734,,Foreign key is blank
Foreign key exists,fact_portfolio_snapshot,benchmark_id,dim_benchmark.benchmark_id,40817,40816,,Foreign key is blank
Foreign key exists,fact_portfolio_snapshot,benchmark_id,dim_benchmark.benchmark_id,41049,41048,,Foreign key is blank
Foreign key exists,fact_portfolio_snapshot,benchmark_id,dim_benchmark.benchmark_id,41051,41050,,Foreign key is blank
Foreign key exists,fact_portfolio_snapshot,benchmark_id,dim_benchmark.benchmark_id,41205,41204,,Foreign key is blank
Foreign key exists,fact_portfolio_snapshot,benchmark_id,dim_benchmark.benchmark_id,41262,41261,,Foreign key is blank
Foreign key exists,fact_portfolio_snapshot,benchmark_id,dim_benchmark.benchmark_id,41319,41318,,Foreign key is blank
Foreign key exists,fact_portfolio_snapshot,benchmark_id,dim_benchmark.benchmark_id,41388,41387,,Foreign key is blank
Foreign key exists,fact_portfolio_snapshot,benchmark_id,dim_benchmark.benchmark_id,41406,41405,,Foreign key is blank
Foreign key exists,fact_portfolio_snapshot,benchmark_id,dim_benchmark.benchmark_id,41474,41473,,Foreign key is blank
Foreign key exists,fact_portfolio_snapshot,benchmark_id,dim_benchmark.benchmark_id,41759,41758,,Foreign key is blank
Foreign key exists,fact_portfolio_snapshot,benchmark_id,dim_benchmark.benchmark_id,41791,41790,,Foreign key is blank
Foreign key exists,fact_portfolio_snapshot,benchmark_id,dim_benchmark.benchmark_id,41815,41814,,Foreign key is blank
Foreign key exists,fact_portfolio_snapshot,benchmark_id,dim_benchmark.benchmark_id,41991,41990,,Foreign key is blank
Foreign key exists,fact_portfolio_snapshot,benchmark_id,dim_benchmark.benchmark_id,42082,42081,,Foreign key is blank
Foreign key exists,fact_portfolio_snapshot,benchmark_id,dim_benchmark.benchmark_id,42093,42092,,Foreign key is blank
Foreign key exists,fact_portfolio_snapshot,benchmark_id,dim_benchmark.benchmark_id,42202,42201,,Foreign key is blank
Foreign key exists,fact_portfolio_snapshot,benchmark_id,dim_benchmark.benchmark_id,42225,42224,,Foreign key is blank
Foreign key exists,fact_portfolio_snapshot,benchmark_id,dim_benchmark.benchmark_id,42263,42262,,Foreign key is blank
Foreign key exists,fact_portfolio_snapshot,benchmark_id,dim_benchmark.benchmark_id,42281,42280,,Foreign key is blank
Foreign key exists,fact_portfolio_snapshot,benchmark_id,dim_benchmark.benchmark_id,42346,42345,,Foreign key is blank
Foreign key exists,fact_portfolio_snapshot,benchmark_id,dim_benchmark.benchmark_id,42469,42468,,Foreign key is blank
Foreign key exists,fact_portfolio_snapshot,benchmark_id,dim_benchmark.benchmark_id,42473,42472,,Foreign key is blank
Foreign key exists,fact_portfolio_snapshot,benchmark_id,dim_benchmark.benchmark_id,42515,42514,,Foreign key is blank
Foreign key exists,fact_portfolio_snapshot,benchmark_id,dim_benchmark.benchmark_id,42528,42527,,Foreign key is blank
Foreign key exists,fact_portfolio_snapshot,benchmark_id,dim_benchmark.benchmark_id,42667,42666,,Foreign key is blank
Foreign key exists,fact_portfolio_snapshot,benchmark_id,dim_benchmark.benchmark_id,42710,42709,,Foreign key is blank
Foreign key exists,fact_portfolio_snapshot,benchmark_id,dim_benchmark.benchmark_id,42712,42711,,Foreign key is blank
Foreign key exists,fact_portfolio_snapshot,benchmark_id,dim_benchmark.benchmark_id,42858,42857,,Foreign key is blank
Foreign key exists,fact_portfolio_snapshot,benchmark_id,dim_benchmark.benchmark_id,42948,42947,,Foreign key is blank
Foreign key exists,fact_portfolio_snapshot,benchmark_id,dim_benchmark.benchmark_id,43140,43139,,Foreign key is blank
Foreign key exists,fact_portfolio_snapshot,benchmark_id,dim_benchmark.benchmark_id,43244,43243,,Foreign key is blank
Foreign key exists,fact_portfolio_snapshot,benchmark_id,dim_benchmark.benchmark_id,43324,43323,,Foreign key is blank
Foreign key exists,fact_portfolio_snapshot,benchmark_id,dim_benchmark.benchmark_id,43463,43462,,Foreign key is blank
Foreign key exists,fact_portfolio_snapshot,benchmark_id,dim_benchmark.benchmark_id,43489,43488,,Foreign key is blank
Foreign key exists,fact_portfolio_snapshot,benchmark_id,dim_benchmark.benchmark_id,43545,43544,,Foreign key is blank
Foreign key exists,fact_portfolio_snapshot,benchmark_id,dim_benchmark.benchmark_id,43565,43564,,Foreign key is blank
Foreign key exists,fact_portfolio_snapshot,benchmark_id,dim_benchmark.benchmark_id,43611,43610,,Foreign key is blank
Foreign key exists,fact_portfolio_snapshot,benchmark_id,dim_benchmark.benchmark_id,43618,43617,,Foreign key is blank
Foreign key exists,fact_portfolio_snapshot,benchmark_id,dim_benchmark.benchmark_id,43631,43630,,Foreign key is blank
Foreign key exists,fact_portfolio_snapshot,benchmark_id,dim_benchmark.benchmark_id,43812,43811,,Foreign key is blank
Foreign key exists,fact_portfolio_snapshot,benchmark_id,dim_benchmark.benchmark_id,43850,43849,,Foreign key is blank
Foreign key exists,fact_portfolio_snapshot,benchmark_id,dim_benchmark.benchmark_id,43857,43856,,Foreign key is blank
Foreign key exists,fact_portfolio_snapshot,benchmark_id,dim_benchmark.benchmark_id,43962,43961,,Foreign key is blank
Foreign key exists,fact_portfolio_snapshot,benchmark_id,dim_benchmark.benchmark_id,44030,44029,,Foreign key is blank
Foreign key exists,fact_portfolio_snapshot,benchmark_id,dim_benchmark.benchmark_id,44139,44138,,Foreign key is blank
Foreign key exists,fact_portfolio_snapshot,benchmark_id,dim_benchmark.benchmark_id,44298,44297,,Foreign key is blank
Foreign key exists,fact_portfolio_snapshot,benchmark_id,dim_benchmark.benchmark_id,44355,44354,,Foreign key is blank
Foreign key exists,fact_portfolio_snapshot,benchmark_id,dim_benchmark.benchmark_id,44602,44601,,Foreign key is blank
Foreign key exists,fact_portfolio_snapshot,benchmark_id,dim_benchmark.benchmark_id,44613,44612,,Foreign key is blank
Foreign key exists,fact_portfolio_snapshot,benchmark_id,dim_benchmark.benchmark_id,44677,44676,,Foreign key is blank
Foreign key exists,fact_portfolio_snapshot,benchmark_id,dim_benchmark.benchmark_id,44731,44730,,Foreign key is blank
Foreign key exists,fact_portfolio_snapshot,benchmark_id,dim_benchmark.benchmark_id,44766,44765,,Foreign key is blank
Foreign key exists,fact_portfolio_snapshot,benchmark_id,dim_benchmark.benchmark_id,45016,45015,,Foreign key is blank
Foreign key exists,fact_portfolio_snapshot,benchmark_id,dim_benchmark.benchmark_id,45044,45043,,Foreign key is blank
Foreign key exists,fact_portfolio_snapshot,benchmark_id,dim_benchmark.benchmark_id,45068,45067,,Foreign key is blank
Foreign key exists,fact_portfolio_snapshot,benchmark_id,dim_benchmark.benchmark_id,45089,45088,,Foreign key is blank
Foreign key exists,fact_portfolio_snapshot,benchmark_id,dim_benchmark.benchmark_id,45100,45099,,Foreign key is blank
Foreign key exists,fact_portfolio_snapshot,benchmark_id,dim_benchmark.benchmark_id,45171,45170,,Foreign key is blank
Foreign key exists,fact_portfolio_snapshot,benchmark_id,dim_benchmark.benchmark_id,45342,45341,,Foreign key is blank
Foreign key exists,fact_portfolio_snapshot,benchmark_id,dim_benchmark.benchmark_id,45499,45498,,Foreign key is blank
Foreign key exists,fact_portfolio_snapshot,benchmark_id,dim_benchmark.benchmark_id,45793,45792,,Foreign key is blank
Foreign key exists,fact_portfolio_snapshot,benchmark_id,dim_benchmark.benchmark_id,45828,45827,,Foreign key is blank
Foreign key exists,fact_portfolio_snapshot,benchmark_id,dim_benchmark.benchmark_id,45900,45899,,Foreign key is blank
Foreign key exists,fact_portfolio_snapshot,benchmark_id,dim_benchmark.benchmark_id,46012,46011,,Foreign key is blank
Foreign key exists,fact_portfolio_snapshot,benchmark_id,dim_benchmark.benchmark_id,46161,46160,,Foreign key is blank
Foreign key exists,fact_portfolio_snapshot,benchmark_id,dim_benchmark.benchmark_id,46171,46170,,Foreign key is blank
Foreign key exists,fact_portfolio_snapshot,benchmark_id,dim_benchmark.benchmark_id,46321,46320,,Foreign key is blank
Foreign key exists,fact_portfolio_snapshot,benchmark_id,dim_benchmark.benchmark_id,46415,46414,,Foreign key is blank
Foreign key exists,fact_portfolio_snapshot,benchmark_id,dim_benchmark.benchmark_id,46458,46457,,Foreign key is blank
Foreign key exists,fact_portfolio_snapshot,benchmark_id,dim_benchmark.benchmark_id,46523,46522,,Foreign key is blank
Foreign key exists,fact_portfolio_snapshot,benchmark_id,dim_benchmark.benchmark_id,46537,46536,,Foreign key is blank
Foreign key exists,fact_portfolio_snapshot,benchmark_id,dim_benchmark.benchmark_id,46589,46588,,Foreign key is blank
Foreign key exists,fact_portfolio_snapshot,benchmark_id,dim_benchmark.benchmark_id,46592,46591,,Foreign key is blank
Foreign key exists,fact_portfolio_snapshot,benchmark_id,dim_benchmark.benchmark_id,46600,46599,,Foreign key is blank
Foreign key exists,fact_portfolio_snapshot,benchmark_id,dim_benchmark.benchmark_id,46686,46685,,Foreign key is blank
Foreign key exists,fact_portfolio_snapshot,benchmark_id,dim_benchmark.benchmark_id,46708,46707,,Foreign key is blank
Foreign key exists,fact_portfolio_snapshot,benchmark_id,dim_benchmark.benchmark_id,46743,46742,,Foreign key is blank
Foreign key exists,fact_portfolio_snapshot,benchmark_id,dim_benchmark.benchmark_id,46813,46812,,Foreign key is blank
Foreign key exists,fact_portfolio_snapshot,benchmark_id,dim_benchmark.benchmark_id,46872,46871,,Foreign key is blank
Foreign key exists,fact_portfolio_snapshot,benchmark_id,dim_benchmark.benchmark_id,46891,46890,,Foreign key is blank
Foreign key exists,fact_portfolio_snapshot,benchmark_id,dim_benchmark.benchmark_id,47052,47051,,Foreign key is blank
Foreign key exists,fact_portfolio_snapshot,benchmark_id,dim_benchmark.benchmark_id,47318,47317,,Foreign key is blank
Foreign key exists,fact_portfolio_snapshot,benchmark_id,dim_benchmark.benchmark_id,47494,47493,,Foreign key is blank
Foreign key exists,fact_portfolio_snapshot,benchmark_id,dim_benchmark.benchmark_id,47542,47541,,Foreign key is blank
Foreign key exists,fact_portfolio_snapshot,benchmark_id,dim_benchmark.benchmark_id,47797,47796,,Foreign key is blank
Foreign key exists,fact_portfolio_snapshot,benchmark_id,dim_benchmark.benchmark_id,47903,47902,,Foreign key is blank
Foreign key exists,fact_portfolio_snapshot,benchmark_id,dim_benchmark.benchmark_id,47934,47933,,Foreign key is blank
Foreign key exists,fact_portfolio_snapshot,benchmark_id,dim_benchmark.benchmark_id,47984,47983,,Foreign key is blank
Foreign key exists,fact_portfolio_snapshot,benchmark_id,dim_benchmark.benchmark_id,47997,47996,,Foreign key is blank
Foreign key exists,fact_portfolio_snapshot,benchmark_id,dim_benchmark.benchmark_id,48423,48422,,Foreign key is blank
Foreign key exists,fact_portfolio_snapshot,benchmark_id,dim_benchmark.benchmark_id,48516,48515,,Foreign key is blank
Foreign key exists,fact_portfolio_snapshot,benchmark_id,dim_benchmark.benchmark_id,48530,48529,,Foreign key is blank
Foreign key exists,fact_portfolio_snapshot,benchmark_id,dim_benchmark.benchmark_id,48682,48681,,Foreign key is blank
Foreign key exists,fact_portfolio_snapshot,benchmark_id,dim_benchmark.benchmark_id,48719,48718,,Foreign key is blank
Foreign key exists,fact_portfolio_snapshot,benchmark_id,dim_benchmark.benchmark_id,48896,48895,,Foreign key is blank
Foreign key exists,fact_portfolio_snapshot,benchmark_id,dim_benchmark.benchmark_id,48960,48959,,Foreign key is blank
Foreign key exists,fact_portfolio_snapshot,benchmark_id,dim_benchmark.benchmark_id,48969,48968,,Foreign key is blank
Foreign key exists,fact_portfolio_snapshot,benchmark_id,dim_benchmark.benchmark_id,49076,49075,,Foreign key is blank
Foreign key exists,fact_portfolio_snapshot,benchmark_id,dim_benchmark.benchmark_id,49182,49181,,Foreign key is blank
Foreign key exists,fact_portfolio_snapshot,benchmark_id,dim_benchmark.benchmark_id,49378,49377,,Foreign key is blank
Foreign key exists,fact_portfolio_snapshot,benchmark_id,dim_benchmark.benchmark_id,49411,49410,,Foreign key is blank
Foreign key exists,fact_portfolio_snapshot,benchmark_id,dim_benchmark.benchmark_id,49571,49570,,Foreign key is blank
Foreign key exists,fact_portfolio_snapshot,benchmark_id,dim_benchmark.benchmark_id,49580,49579,,Foreign key is blank
Foreign key exists,fact_portfolio_snapshot,benchmark_id,dim_benchmark.benchmark_id,49599,49598,,Foreign key is blank
Foreign key exists,fact_portfolio_snapshot,benchmark_id,dim_benchmark.benchmark_id,49701,49700,,Foreign key is blank
Foreign key exists,fact_portfolio_snapshot,benchmark_id,dim_benchmark.benchmark_id,49810,49809,,Foreign key is blank
Foreign key exists,fact_portfolio_snapshot,benchmark_id,dim_benchmark.benchmark_id,49815,49814,,Foreign key is blank
Foreign key exists,fact_portfolio_snapshot,benchmark_id,dim_benchmark.benchmark_id,49905,49904,,Foreign key is blank
Foreign key exists,fact_portfolio_snapshot,benchmark_id,dim_benchmark.benchmark_id,50186,50185,,Foreign key is blank
Foreign key exists,fact_portfolio_snapshot,benchmark_id,dim_benchmark.benchmark_id,50243,50242,,Foreign key is blank
Foreign key exists,fact_portfolio_snapshot,benchmark_id,dim_benchmark.benchmark_id,50281,50280,,Foreign key is blank
Foreign key exists,fact_portfolio_snapshot,benchmark_id,dim_benchmark.benchmark_id,50463,50462,,Foreign key is blank
Foreign key exists,fact_portfolio_snapshot,benchmark_id,dim_benchmark.benchmark_id,50653,50652,,Foreign key is blank
Foreign key exists,fact_portfolio_snapshot,benchmark_id,dim_benchmark.benchmark_id,50740,50739,,Foreign key is blank
Foreign key exists,fact_portfolio_snapshot,benchmark_id,dim_benchmark.benchmark_id,50791,50790,,Foreign key is blank
Foreign key exists,fact_portfolio_snapshot,benchmark_id,dim_benchmark.benchmark_id,50813,50812,,Foreign key is blank
Foreign key exists,fact_portfolio_snapshot,benchmark_id,dim_benchmark.benchmark_id,50848,50847,,Foreign key is blank
Foreign key exists,fact_portfolio_snapshot,benchmark_id,dim_benchmark.benchmark_id,50966,50965,,Foreign key is blank
Foreign key exists,fact_portfolio_snapshot,benchmark_id,dim_benchmark.benchmark_id,51134,51133,,Foreign key is blank
Foreign key exists,fact_portfolio_snapshot,benchmark_id,dim_benchmark.benchmark_id,51150,51149,,Foreign key is blank
Foreign key exists,fact_portfolio_snapshot,benchmark_id,dim_benchmark.benchmark_id,51818,51817,,Foreign key is blank
Foreign key exists,fact_portfolio_snapshot,benchmark_id,dim_benchmark.benchmark_id,52221,52220,,Foreign key is blank
Foreign key exists,fact_portfolio_snapshot,benchmark_id,dim_benchmark.benchmark_id,52516,52515,,Foreign key is blank
Foreign key exists,fact_portfolio_snapshot,benchmark_id,dim_benchmark.benchmark_id,52571,52570,,Foreign key is blank
Foreign key exists,fact_portfolio_snapshot,benchmark_id,dim_benchmark.benchmark_id,52607,52606,,Foreign key is blank
Foreign key exists,fact_portfolio_snapshot,benchmark_id,dim_benchmark.benchmark_id,52799,52798,,Foreign key is blank
Foreign key exists,fact_portfolio_snapshot,benchmark_id,dim_benchmark.benchmark_id,52823,52822,,Foreign key is blank
Foreign key exists,fact_portfolio_snapshot,benchmark_id,dim_benchmark.benchmark_id,52846,52845,,Foreign key is blank
Foreign key exists,fact_portfolio_snapshot,benchmark_id,dim_benchmark.benchmark_id,52867,52866,,Foreign key is blank
Foreign key exists,fact_portfolio_snapshot,benchmark_id,dim_benchmark.benchmark_id,52898,52897,,Foreign key is blank
Foreign key exists,fact_portfolio_snapshot,benchmark_id,dim_benchmark.benchmark_id,53066,53065,,Foreign key is blank
Foreign key exists,fact_portfolio_snapshot,benchmark_id,dim_benchmark.benchmark_id,53101,53100,,Foreign key is blank
Foreign key exists,fact_portfolio_snapshot,benchmark_id,dim_benchmark.benchmark_id,53119,53118,,Foreign key is blank
Foreign key exists,fact_portfolio_snapshot,benchmark_id,dim_benchmark.benchmark_id,53295,53294,,Foreign key is blank
Foreign key exists,fact_portfolio_snapshot,benchmark_id,dim_benchmark.benchmark_id,53378,53377,,Foreign key is blank
Foreign key exists,fact_portfolio_snapshot,benchmark_id,dim_benchmark.benchmark_id,53640,53639,,Foreign key is blank
Foreign key exists,fact_portfolio_snapshot,benchmark_id,dim_benchmark.benchmark_id,53755,53754,,Foreign key is blank
Foreign key exists,fact_portfolio_snapshot,benchmark_id,dim_benchmark.benchmark_id,53770,53769,,Foreign key is blank
Foreign key exists,fact_portfolio_snapshot,benchmark_id,dim_benchmark.benchmark_id,53894,53893,,Foreign key is blank
Foreign key exists,fact_portfolio_snapshot,benchmark_id,dim_benchmark.benchmark_id,54047,54046,,Foreign key is blank
Foreign key exists,fact_portfolio_snapshot,benchmark_id,dim_benchmark.benchmark_id,54325,54324,,Foreign key is blank
Foreign key exists,fact_portfolio_snapshot,benchmark_id,dim_benchmark.benchmark_id,54423,54422,,Foreign key is blank
Foreign key exists,fact_portfolio_snapshot,benchmark_id,dim_benchmark.benchmark_id,54856,54855,,Foreign key is blank
Foreign key exists,fact_portfolio_snapshot,benchmark_id,dim_benchmark.benchmark_id,54982,54981,,Foreign key is blank
Foreign key exists,fact_portfolio_snapshot,benchmark_id,dim_benchmark.benchmark_id,55023,55022,,Foreign key is blank
Foreign key exists,fact_portfolio_snapshot,benchmark_id,dim_benchmark.benchmark_id,55278,55277,,Foreign key is blank
Foreign key exists,fact_portfolio_snapshot,benchmark_id,dim_benchmark.benchmark_id,55322,55321,,Foreign key is blank
Foreign key exists,fact_portfolio_snapshot,benchmark_id,dim_benchmark.benchmark_id,55401,55400,,Foreign key is blank
Foreign key exists,fact_portfolio_snapshot,benchmark_id,dim_benchmark.benchmark_id,55476,55475,,Foreign key is blank
Foreign key exists,fact_portfolio_snapshot,benchmark_id,dim_benchmark.benchmark_id,55572,55571,,Foreign key is blank
Foreign key exists,fact_portfolio_snapshot,benchmark_id,dim_benchmark.benchmark_id,55628,55627,,Foreign key is blank
Foreign key exists,fact_portfolio_snapshot,benchmark_id,dim_benchmark.benchmark_id,55699,55698,,Foreign key is blank
Foreign key exists,fact_portfolio_snapshot,benchmark_id,dim_benchmark.benchmark_id,55755,55754,,Foreign key is blank
Foreign key exists,fact_portfolio_snapshot,benchmark_id,dim_benchmark.benchmark_id,55814,55813,,Foreign key is blank
Foreign key exists,fact_portfolio_snapshot,benchmark_id,dim_benchmark.benchmark_id,56117,56116,,Foreign key is blank
Foreign key exists,fact_portfolio_snapshot,benchmark_id,dim_benchmark.benchmark_id,56257,56256,,Foreign key is blank
Foreign key exists,fact_portfolio_snapshot,benchmark_id,dim_benchmark.benchmark_id,56272,56271,,Foreign key is blank
Foreign key exists,fact_portfolio_snapshot,benchmark_id,dim_benchmark.benchmark_id,56484,56483,,Foreign key is blank
Foreign key exists,fact_portfolio_snapshot,benchmark_id,dim_benchmark.benchmark_id,56487,56486,,Foreign key is blank
Foreign key exists,fact_portfolio_snapshot,benchmark_id,dim_benchmark.benchmark_id,56529,56528,,Foreign key is blank
Foreign key exists,fact_portfolio_snapshot,benchmark_id,dim_benchmark.benchmark_id,56577,56576,,Foreign key is blank
Foreign key exists,fact_portfolio_snapshot,benchmark_id,dim_benchmark.benchmark_id,56660,56659,,Foreign key is blank
Foreign key exists,fact_portfolio_snapshot,benchmark_id,dim_benchmark.benchmark_id,56692,56691,,Foreign key is blank
Foreign key exists,fact_portfolio_snapshot,benchmark_id,dim_benchmark.benchmark_id,56714,56713,,Foreign key is blank
Foreign key exists,fact_portfolio_snapshot,benchmark_id,dim_benchmark.benchmark_id,56783,56782,,Foreign key is blank
Foreign key exists,fact_portfolio_snapshot,benchmark_id,dim_benchmark.benchmark_id,56836,56835,,Foreign key is blank
Foreign key exists,fact_portfolio_snapshot,benchmark_id,dim_benchmark.benchmark_id,56864,56863,,Foreign key is blank
Foreign key exists,fact_portfolio_snapshot,benchmark_id,dim_benchmark.benchmark_id,56944,56943,,Foreign key is blank
Foreign key exists,fact_portfolio_snapshot,benchmark_id,dim_benchmark.benchmark_id,56952,56951,,Foreign key is blank
Foreign key exists,fact_portfolio_snapshot,benchmark_id,dim_benchmark.benchmark_id,56962,56961,,Foreign key is blank
Foreign key exists,fact_portfolio_snapshot,benchmark_id,dim_benchmark.benchmark_id,57084,57083,,Foreign key is blank
Foreign key exists,fact_portfolio_snapshot,benchmark_id,dim_benchmark.benchmark_id,57176,57175,,Foreign key is blank
Foreign key exists,fact_portfolio_snapshot,benchmark_id,dim_benchmark.benchmark_id,57260,57259,,Foreign key is blank
Foreign key exists,fact_portfolio_snapshot,benchmark_id,dim_benchmark.benchmark_id,57298,57297,,Foreign key is blank
Foreign key exists,fact_portfolio_snapshot,benchmark_id,dim_benchmark.benchmark_id,57370,57369,,Foreign key is blank
Foreign key exists,fact_portfolio_snapshot,benchmark_id,dim_benchmark.benchmark_id,57406,57405,,Foreign key is blank
Foreign key exists,fact_portfolio_snapshot,benchmark_id,dim_benchmark.benchmark_id,57520,57519,,Foreign key is blank
Foreign key exists,fact_portfolio_snapshot,benchmark_id,dim_benchmark.benchmark_id,57852,57851,,Foreign key is blank
Foreign key exists,fact_portfolio_snapshot,benchmark_id,dim_benchmark.benchmark_id,57912,57911,,Foreign key is blank
Foreign key exists,fact_portfolio_snapshot,benchmark_id,dim_benchmark.benchmark_id,57914,57913,,Foreign key is blank
Foreign key exists,fact_portfolio_snapshot,benchmark_id,dim_benchmark.benchmark_id,57937,57936,,Foreign key is blank
Foreign key exists,fact_portfolio_snapshot,benchmark_id,dim_benchmark.benchmark_id,58119,58118,,Foreign key is blank
Foreign key exists,fact_portfolio_snapshot,benchmark_id,dim_benchmark.benchmark_id,58272,58271,,Foreign key is blank
Foreign key exists,fact_portfolio_snapshot,benchmark_id,dim_benchmark.benchmark_id,58273,58272,,Foreign key is blank
Foreign key exists,fact_portfolio_snapshot,benchmark_id,dim_benchmark.benchmark_id,58414,58413,,Foreign key is blank
Foreign key exists,fact_portfolio_snapshot,benchmark_id,dim_benchmark.benchmark_id,58434,58433,,Foreign key is blank
Foreign key exists,fact_portfolio_snapshot,benchmark_id,dim_benchmark.benchmark_id,58444,58443,,Foreign key is blank
Foreign key exists,fact_portfolio_snapshot,benchmark_id,dim_benchmark.benchmark_id,58540,58539,,Foreign key is blank
Foreign key exists,fact_portfolio_snapshot,benchmark_id,dim_benchmark.benchmark_id,58606,58605,,Foreign key is blank
Foreign key exists,fact_portfolio_snapshot,benchmark_id,dim_benchmark.benchmark_id,58752,58751,,Foreign key is blank
Foreign key exists,fact_portfolio_snapshot,benchmark_id,dim_benchmark.benchmark_id,59053,59052,,Foreign key is blank
Foreign key exists,fact_portfolio_snapshot,benchmark_id,dim_benchmark.benchmark_id,59102,59101,,Foreign key is blank
Foreign key exists,fact_portfolio_snapshot,benchmark_id,dim_benchmark.benchmark_id,59320,59319,,Foreign key is blank
Foreign key exists,fact_portfolio_snapshot,benchmark_id,dim_benchmark.benchmark_id,59484,59483,,Foreign key is blank
Foreign key exists,fact_portfolio_snapshot,benchmark_id,dim_benchmark.benchmark_id,59596,59595,,Foreign key is blank
Foreign key exists,fact_portfolio_snapshot,benchmark_id,dim_benchmark.benchmark_id,59659,59658,,Foreign key is blank
Foreign key exists,fact_portfolio_snapshot,benchmark_id,dim_benchmark.benchmark_id,59748,59747,,Foreign key is blank
Foreign key exists,fact_portfolio_snapshot,benchmark_id,dim_benchmark.benchmark_id,60071,60070,,Foreign key is blank
Foreign key exists,fact_portfolio_snapshot,benchmark_id,dim_benchmark.benchmark_id,60160,60159,,Foreign key is blank
Foreign key exists,fact_portfolio_snapshot,benchmark_id,dim_benchmark.benchmark_id,60204,60203,,Foreign key is blank
Foreign key exists,fact_portfolio_snapshot,benchmark_id,dim_benchmark.benchmark_id,60237,60236,,Foreign key is blank
Foreign key exists,fact_portfolio_snapshot,benchmark_id,dim_benchmark.benchmark_id,60301,60300,,Foreign key is blank
Foreign key exists,fact_portfolio_snapshot,benchmark_id,dim_benchmark.benchmark_id,60315,60314,,Foreign key is blank
Foreign key exists,fact_portfolio_snapshot,benchmark_id,dim_benchmark.benchmark_id,60574,60573,,Foreign key is blank
Foreign key exists,fact_portfolio_snapshot,benchmark_id,dim_benchmark.benchmark_id,60628,60627,,Foreign key is blank
Foreign key exists,fact_portfolio_snapshot,benchmark_id,dim_benchmark.benchmark_id,60662,60661,,Foreign key is blank
Foreign key exists,fact_portfolio_snapshot,benchmark_id,dim_benchmark.benchmark_id,60664,60663,,Foreign key is blank
Foreign key exists,fact_portfolio_snapshot,benchmark_id,dim_benchmark.benchmark_id,60681,60680,,Foreign key is blank
Foreign key exists,fact_portfolio_snapshot,benchmark_id,dim_benchmark.benchmark_id,60903,60902,,Foreign key is blank
Foreign key exists,fact_portfolio_snapshot,benchmark_id,dim_benchmark.benchmark_id,60905,60904,,Foreign key is blank
Foreign key exists,fact_portfolio_snapshot,benchmark_id,dim_benchmark.benchmark_id,60991,60990,,Foreign key is blank
Foreign key exists,fact_portfolio_snapshot,benchmark_id,dim_benchmark.benchmark_id,61318,61317,,Foreign key is blank
Foreign key exists,fact_portfolio_snapshot,benchmark_id,dim_benchmark.benchmark_id,61528,61527,,Foreign key is blank
Foreign key exists,fact_portfolio_snapshot,benchmark_id,dim_benchmark.benchmark_id,61604,61603,,Foreign key is blank
Foreign key exists,fact_portfolio_snapshot,benchmark_id,dim_benchmark.benchmark_id,61605,61604,,Foreign key is blank
Foreign key exists,fact_portfolio_snapshot,benchmark_id,dim_benchmark.benchmark_id,61631,61630,,Foreign key is blank
Foreign key exists,fact_portfolio_snapshot,benchmark_id,dim_benchmark.benchmark_id,61894,61893,,Foreign key is blank
Foreign key exists,fact_portfolio_snapshot,benchmark_id,dim_benchmark.benchmark_id,61945,61944,,Foreign key is blank
Foreign key exists,fact_portfolio_snapshot,benchmark_id,dim_benchmark.benchmark_id,61997,61996,,Foreign key is blank
Foreign key exists,fact_portfolio_snapshot,benchmark_id,dim_benchmark.benchmark_id,62048,62047,,Foreign key is blank
Foreign key exists,fact_portfolio_snapshot,benchmark_id,dim_benchmark.benchmark_id,62078,62077,,Foreign key is blank
Foreign key exists,fact_portfolio_snapshot,benchmark_id,dim_benchmark.benchmark_id,62092,62091,,Foreign key is blank
Foreign key exists,fact_portfolio_snapshot,benchmark_id,dim_benchmark.benchmark_id,62156,62155,,Foreign key is blank
Foreign key exists,fact_portfolio_snapshot,benchmark_id,dim_benchmark.benchmark_id,62185,62184,,Foreign key is blank
Foreign key exists,fact_portfolio_snapshot,benchmark_id,dim_benchmark.benchmark_id,62189,62188,,Foreign key is blank
Foreign key exists,fact_portfolio_snapshot,benchmark_id,dim_benchmark.benchmark_id,62195,62194,,Foreign key is blank
Foreign key exists,fact_portfolio_snapshot,benchmark_id,dim_benchmark.benchmark_id,62323,62322,,Foreign key is blank
Foreign key exists,fact_portfolio_snapshot,benchmark_id,dim_benchmark.benchmark_id,62437,62436,,Foreign key is blank
Foreign key exists,fact_portfolio_snapshot,benchmark_id,dim_benchmark.benchmark_id,62463,62462,,Foreign key is blank
Foreign key exists,fact_portfolio_snapshot,benchmark_id,dim_benchmark.benchmark_id,62498,62497,,Foreign key is blank
Foreign key exists,fact_portfolio_snapshot,benchmark_id,dim_benchmark.benchmark_id,62510,62509,,Foreign key is blank
Foreign key exists,fact_portfolio_snapshot,benchmark_id,dim_benchmark.benchmark_id,62685,62684,,Foreign key is blank
Foreign key exists,fact_portfolio_snapshot,benchmark_id,dim_benchmark.benchmark_id,62903,62902,,Foreign key is blank
Foreign key exists,fact_portfolio_snapshot,benchmark_id,dim_benchmark.benchmark_id,63062,63061,,Foreign key is blank
Foreign key exists,fact_portfolio_snapshot,benchmark_id,dim_benchmark.benchmark_id,63126,63125,,Foreign key is blank
Foreign key exists,fact_portfolio_snapshot,benchmark_id,dim_benchmark.benchmark_id,63360,63359,,Foreign key is blank
Foreign key exists,fact_portfolio_snapshot,benchmark_id,dim_benchmark.benchmark_id,63398,63397,,Foreign key is blank
Foreign key exists,fact_portfolio_snapshot,benchmark_id,dim_benchmark.benchmark_id,63458,63457,,Foreign key is blank
Foreign key exists,fact_portfolio_snapshot,benchmark_id,dim_benchmark.benchmark_id,63475,63474,,Foreign key is blank
Foreign key exists,fact_portfolio_snapshot,benchmark_id,dim_benchmark.benchmark_id,63492,63491,,Foreign key is blank
Foreign key exists,fact_portfolio_snapshot,benchmark_id,dim_benchmark.benchmark_id,63659,63658,,Foreign key is blank
Foreign key exists,fact_portfolio_snapshot,benchmark_id,dim_benchmark.benchmark_id,63738,63737,,Foreign key is blank
Foreign key exists,fact_portfolio_snapshot,benchmark_id,dim_benchmark.benchmark_id,63902,63901,,Foreign key is blank
Foreign key exists,fact_portfolio_snapshot,benchmark_id,dim_benchmark.benchmark_id,63905,63904,,Foreign key is blank
Foreign key exists,fact_portfolio_snapshot,benchmark_id,dim_benchmark.benchmark_id,63961,63960,,Foreign key is blank
Foreign key exists,fact_portfolio_snapshot,benchmark_id,dim_benchmark.benchmark_id,63987,63986,,Foreign key is blank
Foreign key exists,fact_portfolio_snapshot,benchmark_id,dim_benchmark.benchmark_id,64317,64316,,Foreign key is blank
Foreign key exists,fact_portfolio_snapshot,benchmark_id,dim_benchmark.benchmark_id,64424,64423,,Foreign key is blank
Foreign key exists,fact_portfolio_snapshot,benchmark_id,dim_benchmark.benchmark_id,64495,64494,,Foreign key is blank
Foreign key exists,fact_portfolio_snapshot,benchmark_id,dim_benchmark.benchmark_id,64752,64751,,Foreign key is blank
Foreign key exists,fact_portfolio_snapshot,benchmark_id,dim_benchmark.benchmark_id,64864,64863,,Foreign key is blank
Foreign key exists,fact_portfolio_snapshot,benchmark_id,dim_benchmark.benchmark_id,65205,65204,,Foreign key is blank
Foreign key exists,fact_portfolio_snapshot,benchmark_id,dim_benchmark.benchmark_id,65218,65217,,Foreign key is blank
Foreign key exists,fact_portfolio_snapshot,benchmark_id,dim_benchmark.benchmark_id,65278,65277,,Foreign key is blank
Foreign key exists,fact_portfolio_snapshot,benchmark_id,dim_benchmark.benchmark_id,65350,65349,,Foreign key is blank
Foreign key exists,fact_portfolio_snapshot,benchmark_id,dim_benchmark.benchmark_id,65398,65397,,Foreign key is blank
Foreign key exists,fact_portfolio_snapshot,benchmark_id,dim_benchmark.benchmark_id,65511,65510,,Foreign key is blank
Foreign key exists,fact_portfolio_snapshot,benchmark_id,dim_benchmark.benchmark_id,65681,65680,,Foreign key is blank
Foreign key exists,fact_portfolio_snapshot,benchmark_id,dim_benchmark.benchmark_id,65742,65741,,Foreign key is blank
Foreign key exists,fact_portfolio_snapshot,benchmark_id,dim_benchmark.benchmark_id,65763,65762,,Foreign key is blank
Foreign key exists,fact_portfolio_snapshot,benchmark_id,dim_benchmark.benchmark_id,65872,65871,,Foreign key is blank
Foreign key exists,fact_portfolio_snapshot,benchmark_id,dim_benchmark.benchmark_id,65883,65882,,Foreign key is blank
Foreign key exists,fact_portfolio_snapshot,benchmark_id,dim_benchmark.benchmark_id,65970,65969,,Foreign key is blank
Foreign key exists,fact_portfolio_snapshot,benchmark_id,dim_benchmark.benchmark_id,66041,66040,,Foreign key is blank
Foreign key exists,fact_portfolio_snapshot,benchmark_id,dim_benchmark.benchmark_id,66046,66045,,Foreign key is blank
Foreign key exists,fact_portfolio_snapshot,benchmark_id,dim_benchmark.benchmark_id,66238,66237,,Foreign key is blank
Foreign key exists,fact_portfolio_snapshot,benchmark_id,dim_benchmark.benchmark_id,66580,66579,,Foreign key is blank
Foreign key exists,fact_portfolio_snapshot,benchmark_id,dim_benchmark.benchmark_id,66711,66710,,Foreign key is blank
Foreign key exists,fact_portfolio_snapshot,benchmark_id,dim_benchmark.benchmark_id,67148,67147,,Foreign key is blank
Foreign key exists,fact_portfolio_snapshot,benchmark_id,dim_benchmark.benchmark_id,67226,67225,,Foreign key is blank
Foreign key exists,fact_portfolio_snapshot,benchmark_id,dim_benchmark.benchmark_id,67295,67294,,Foreign key is blank
Foreign key exists,fact_portfolio_snapshot,benchmark_id,dim_benchmark.benchmark_id,67323,67322,,Foreign key is blank
Foreign key exists,fact_portfolio_snapshot,benchmark_id,dim_benchmark.benchmark_id,67517,67516,,Foreign key is blank
Foreign key exists,fact_portfolio_snapshot,benchmark_id,dim_benchmark.benchmark_id,67578,67577,,Foreign key is blank
Foreign key exists,fact_portfolio_snapshot,benchmark_id,dim_benchmark.benchmark_id,67617,67616,,Foreign key is blank
Foreign key exists,fact_portfolio_snapshot,benchmark_id,dim_benchmark.benchmark_id,67721,67720,,Foreign key is blank
Foreign key exists,fact_portfolio_snapshot,benchmark_id,dim_benchmark.benchmark_id,67726,67725,,Foreign key is blank
Foreign key exists,fact_portfolio_snapshot,benchmark_id,dim_benchmark.benchmark_id,67960,67959,,Foreign key is blank
Foreign key exists,fact_portfolio_snapshot,benchmark_id,dim_benchmark.benchmark_id,68073,68072,,Foreign key is blank
Foreign key exists,fact_portfolio_snapshot,benchmark_id,dim_benchmark.benchmark_id,68168,68167,,Foreign key is blank
Foreign key exists,fact_portfolio_snapshot,benchmark_id,dim_benchmark.benchmark_id,68283,68282,,Foreign key is blank
Foreign key exists,fact_portfolio_snapshot,benchmark_id,dim_benchmark.benchmark_id,68353,68352,,Foreign key is blank
Foreign key exists,fact_portfolio_snapshot,benchmark_id,dim_benchmark.benchmark_id,68374,68373,,Foreign key is blank
Foreign key exists,fact_portfolio_snapshot,benchmark_id,dim_benchmark.benchmark_id,68383,68382,,Foreign key is blank
Foreign key exists,fact_portfolio_snapshot,benchmark_id,dim_benchmark.benchmark_id,68454,68453,,Foreign key is blank
Foreign key exists,fact_portfolio_snapshot,benchmark_id,dim_benchmark.benchmark_id,68459,68458,,Foreign key is blank
Foreign key exists,fact_portfolio_snapshot,benchmark_id,dim_benchmark.benchmark_id,68719,68718,,Foreign key is blank
Foreign key exists,fact_portfolio_snapshot,benchmark_id,dim_benchmark.benchmark_id,68746,68745,,Foreign key is blank
Foreign key exists,fact_portfolio_snapshot,benchmark_id,dim_benchmark.benchmark_id,68770,68769,,Foreign key is blank
Foreign key exists,fact_portfolio_snapshot,benchmark_id,dim_benchmark.benchmark_id,68914,68913,,Foreign key is blank
Foreign key exists,fact_portfolio_snapshot,benchmark_id,dim_benchmark.benchmark_id,68955,68954,,Foreign key is blank
Foreign key exists,fact_portfolio_snapshot,benchmark_id,dim_benchmark.benchmark_id,69023,69022,,Foreign key is blank
Foreign key exists,fact_portfolio_snapshot,benchmark_id,dim_benchmark.benchmark_id,69186,69185,,Foreign key is blank
Foreign key exists,fact_portfolio_snapshot,benchmark_id,dim_benchmark.benchmark_id,69586,69585,,Foreign key is blank
Foreign key exists,fact_portfolio_snapshot,benchmark_id,dim_benchmark.benchmark_id,69695,69694,,Foreign key is blank
Foreign key exists,fact_portfolio_snapshot,benchmark_id,dim_benchmark.benchmark_id,69717,69716,,Foreign key is blank
Foreign key exists,fact_portfolio_snapshot,benchmark_id,dim_benchmark.benchmark_id,69860,69859,,Foreign key is blank
Foreign key exists,fact_portfolio_snapshot,benchmark_id,dim_benchmark.benchmark_id,70056,70055,,Foreign key is blank
Foreign key exists,fact_portfolio_snapshot,benchmark_id,dim_benchmark.benchmark_id,70251,70250,,Foreign key is blank
Foreign key exists,fact_portfolio_snapshot,benchmark_id,dim_benchmark.benchmark_id,70483,70482,,Foreign key is blank
Foreign key exists,fact_portfolio_snapshot,benchmark_id,dim_benchmark.benchmark_id,70725,70724,,Foreign key is blank
Foreign key exists,fact_portfolio_snapshot,benchmark_id,dim_benchmark.benchmark_id,70755,70754,,Foreign key is blank
Foreign key exists,fact_portfolio_snapshot,benchmark_id,dim_benchmark.benchmark_id,70888,70887,,Foreign key is blank
Foreign key exists,fact_portfolio_snapshot,benchmark_id,dim_benchmark.benchmark_id,70944,70943,,Foreign key is blank
Foreign key exists,fact_portfolio_snapshot,benchmark_id,dim_benchmark.benchmark_id,70970,70969,,Foreign key is blank
Foreign key exists,fact_portfolio_snapshot,benchmark_id,dim_benchmark.benchmark_id,70974,70973,,Foreign key is blank
Foreign key exists,fact_portfolio_snapshot,benchmark_id,dim_benchmark.benchmark_id,71097,71096,,Foreign key is blank
Foreign key exists,fact_portfolio_snapshot,benchmark_id,dim_benchmark.benchmark_id,71179,71178,,Foreign key is blank
Foreign key exists,fact_portfolio_snapshot,benchmark_id,dim_benchmark.benchmark_id,71475,71474,,Foreign key is blank
Foreign key exists,fact_portfolio_snapshot,benchmark_id,dim_benchmark.benchmark_id,71584,71583,,Foreign key is blank
Foreign key exists,fact_portfolio_snapshot,benchmark_id,dim_benchmark.benchmark_id,71600,71599,,Foreign key is blank
Foreign key exists,fact_portfolio_snapshot,benchmark_id,dim_benchmark.benchmark_id,71625,71624,,Foreign key is blank
Foreign key exists,fact_portfolio_snapshot,benchmark_id,dim_benchmark.benchmark_id,71644,71643,,Foreign key is blank
Foreign key exists,fact_portfolio_snapshot,benchmark_id,dim_benchmark.benchmark_id,71698,71697,,Foreign key is blank
Foreign key exists,fact_portfolio_snapshot,benchmark_id,dim_benchmark.benchmark_id,71826,71825,,Foreign key is blank
Foreign key exists,fact_portfolio_snapshot,benchmark_id,dim_benchmark.benchmark_id,71900,71899,,Foreign key is blank
Foreign key exists,fact_portfolio_snapshot,benchmark_id,dim_benchmark.benchmark_id,72050,72049,,Foreign key is blank
Foreign key exists,fact_portfolio_snapshot,benchmark_id,dim_benchmark.benchmark_id,72077,72076,,Foreign key is blank
Foreign key exists,fact_portfolio_snapshot,benchmark_id,dim_benchmark.benchmark_id,72103,72102,,Foreign key is blank
Foreign key exists,fact_portfolio_snapshot,benchmark_id,dim_benchmark.benchmark_id,72273,72272,,Foreign key is blank
Foreign key exists,fact_portfolio_snapshot,benchmark_id,dim_benchmark.benchmark_id,72402,72401,,Foreign key is blank
Foreign key exists,fact_portfolio_snapshot,benchmark_id,dim_benchmark.benchmark_id,72538,72537,,Foreign key is blank
Foreign key exists,fact_portfolio_snapshot,benchmark_id,dim_benchmark.benchmark_id,72747,72746,,Foreign key is blank
Foreign key exists,fact_portfolio_snapshot,benchmark_id,dim_benchmark.benchmark_id,72822,72821,,Foreign key is blank
Foreign key exists,fact_portfolio_snapshot,benchmark_id,dim_benchmark.benchmark_id,72866,72865,,Foreign key is blank
Foreign key exists,fact_portfolio_snapshot,benchmark_id,dim_benchmark.benchmark_id,72939,72938,,Foreign key is blank
Foreign key exists,fact_portfolio_snapshot,benchmark_id,dim_benchmark.benchmark_id,72942,72941,,Foreign key is blank
Foreign key exists,fact_portfolio_snapshot,benchmark_id,dim_benchmark.benchmark_id,73100,73099,,Foreign key is blank
Foreign key exists,fact_portfolio_snapshot,benchmark_id,dim_benchmark.benchmark_id,73198,73197,,Foreign key is blank
Foreign key exists,fact_portfolio_snapshot,benchmark_id,dim_benchmark.benchmark_id,73296,73295,,Foreign key is blank
Foreign key exists,fact_portfolio_snapshot,benchmark_id,dim_benchmark.benchmark_id,73327,73326,,Foreign key is blank
Foreign key exists,fact_portfolio_snapshot,benchmark_id,dim_benchmark.benchmark_id,73350,73349,,Foreign key is blank
Foreign key exists,fact_portfolio_snapshot,benchmark_id,dim_benchmark.benchmark_id,73621,73620,,Foreign key is blank
Foreign key exists,fact_portfolio_snapshot,benchmark_id,dim_benchmark.benchmark_id,73856,73855,,Foreign key is blank
Foreign key exists,fact_portfolio_snapshot,benchmark_id,dim_benchmark.benchmark_id,73951,73950,,Foreign key is blank
Foreign key exists,fact_portfolio_snapshot,benchmark_id,dim_benchmark.benchmark_id,74079,74078,,Foreign key is blank
Foreign key exists,fact_portfolio_snapshot,benchmark_id,dim_benchmark.benchmark_id,74105,74104,,Foreign key is blank
Foreign key exists,fact_portfolio_snapshot,benchmark_id,dim_benchmark.benchmark_id,74202,74201,,Foreign key is blank
Foreign key exists,fact_portfolio_snapshot,benchmark_id,dim_benchmark.benchmark_id,74256,74255,,Foreign key is blank
Foreign key exists,fact_portfolio_snapshot,benchmark_id,dim_benchmark.benchmark_id,74385,74384,,Foreign key is blank
Foreign key exists,fact_portfolio_snapshot,benchmark_id,dim_benchmark.benchmark_id,74469,74468,,Foreign key is blank
Foreign key exists,fact_portfolio_snapshot,benchmark_id,dim_benchmark.benchmark_id,74530,74529,,Foreign key is blank
Foreign key exists,fact_portfolio_snapshot,benchmark_id,dim_benchmark.benchmark_id,74570,74569,,Foreign key is blank
Foreign key exists,fact_portfolio_snapshot,benchmark_id,dim_benchmark.benchmark_id,74719,74718,,Foreign key is blank
Foreign key exists,fact_portfolio_snapshot,benchmark_id,dim_benchmark.benchmark_id,75070,75069,,Foreign key is blank
Foreign key exists,fact_portfolio_snapshot,benchmark_id,dim_benchmark.benchmark_id,75254,75253,,Foreign key is blank
Foreign key exists,fact_portfolio_snapshot,benchmark_id,dim_benchmark.benchmark_id,75282,75281,,Foreign key is blank
Foreign key exists,fact_portfolio_snapshot,benchmark_id,dim_benchmark.benchmark_id,75348,75347,,Foreign key is blank
Foreign key exists,fact_portfolio_snapshot,benchmark_id,dim_benchmark.benchmark_id,75366,75365,,Foreign key is blank
Foreign key exists,fact_portfolio_snapshot,benchmark_id,dim_benchmark.benchmark_id,75388,75387,,Foreign key is blank
Foreign key exists,fact_portfolio_snapshot,benchmark_id,dim_benchmark.benchmark_id,75391,75390,,Foreign key is blank
Foreign key exists,fact_portfolio_snapshot,benchmark_id,dim_benchmark.benchmark_id,75442,75441,,Foreign key is blank
Foreign key exists,fact_portfolio_snapshot,benchmark_id,dim_benchmark.benchmark_id,75500,75499,,Foreign key is blank
Foreign key exists,fact_portfolio_snapshot,benchmark_id,dim_benchmark.benchmark_id,75642,75641,,Foreign key is blank
Foreign key exists,fact_portfolio_snapshot,benchmark_id,dim_benchmark.benchmark_id,75645,75644,,Foreign key is blank
Foreign key exists,fact_portfolio_snapshot,benchmark_id,dim_benchmark.benchmark_id,75711,75710,,Foreign key is blank
Foreign key exists,fact_portfolio_snapshot,benchmark_id,dim_benchmark.benchmark_id,75791,75790,,Foreign key is blank
Foreign key exists,fact_portfolio_snapshot,benchmark_id,dim_benchmark.benchmark_id,75842,75841,,Foreign key is blank
Foreign key exists,fact_portfolio_snapshot,benchmark_id,dim_benchmark.benchmark_id,75979,75978,,Foreign key is blank
Foreign key exists,fact_portfolio_snapshot,benchmark_id,dim_benchmark.benchmark_id,75982,75981,,Foreign key is blank
Foreign key exists,fact_portfolio_snapshot,benchmark_id,dim_benchmark.benchmark_id,76045,76044,,Foreign key is blank
Foreign key exists,fact_portfolio_snapshot,benchmark_id,dim_benchmark.benchmark_id,76069,76068,,Foreign key is blank
Foreign key exists,fact_portfolio_snapshot,benchmark_id,dim_benchmark.benchmark_id,76086,76085,,Foreign key is blank
Foreign key exists,fact_portfolio_snapshot,benchmark_id,dim_benchmark.benchmark_id,76132,76131,,Foreign key is blank
Foreign key exists,fact_portfolio_snapshot,benchmark_id,dim_benchmark.benchmark_id,76140,76139,,Foreign key is blank
Foreign key exists,fact_portfolio_snapshot,benchmark_id,dim_benchmark.benchmark_id,76148,76147,,Foreign key is blank
Foreign key exists,fact_portfolio_snapshot,benchmark_id,dim_benchmark.benchmark_id,76176,76175,,Foreign key is blank
Foreign key exists,fact_portfolio_snapshot,benchmark_id,dim_benchmark.benchmark_id,76218,76217,,Foreign key is blank
Foreign key exists,fact_portfolio_snapshot,benchmark_id,dim_benchmark.benchmark_id,76340,76339,,Foreign key is blank
Foreign key exists,fact_portfolio_snapshot,benchmark_id,dim_benchmark.benchmark_id,76379,76378,,Foreign key is blank
Foreign key exists,fact_portfolio_snapshot,benchmark_id,dim_benchmark.benchmark_id,76425,76424,,Foreign key is blank
Foreign key exists,fact_portfolio_snapshot,benchmark_id,dim_benchmark.benchmark_id,76435,76434,,Foreign key is blank
Foreign key exists,fact_portfolio_snapshot,benchmark_id,dim_benchmark.benchmark_id,76543,76542,,Foreign key is blank
Foreign key exists,fact_portfolio_snapshot,benchmark_id,dim_benchmark.benchmark_id,76679,76678,,Foreign key is blank
Foreign key exists,fact_portfolio_snapshot,benchmark_id,dim_benchmark.benchmark_id,76690,76689,,Foreign key is blank
Foreign key exists,fact_portfolio_snapshot,benchmark_id,dim_benchmark.benchmark_id,76692,76691,,Foreign key is blank
Foreign key exists,fact_portfolio_snapshot,benchmark_id,dim_benchmark.benchmark_id,76711,76710,,Foreign key is blank
Foreign key exists,fact_portfolio_snapshot,benchmark_id,dim_benchmark.benchmark_id,76753,76752,,Foreign key is blank
Foreign key exists,fact_portfolio_snapshot,benchmark_id,dim_benchmark.benchmark_id,76763,76762,,Foreign key is blank
Foreign key exists,fact_portfolio_snapshot,benchmark_id,dim_benchmark.benchmark_id,76825,76824,,Foreign key is blank
Foreign key exists,fact_portfolio_snapshot,benchmark_id,dim_benchmark.benchmark_id,76882,76881,,Foreign key is blank
Foreign key exists,fact_portfolio_snapshot,benchmark_id,dim_benchmark.benchmark_id,76979,76978,,Foreign key is blank
Foreign key exists,fact_portfolio_snapshot,benchmark_id,dim_benchmark.benchmark_id,76998,76997,,Foreign key is blank
Foreign key exists,fact_portfolio_snapshot,benchmark_id,dim_benchmark.benchmark_id,77015,77014,,Foreign key is blank
Foreign key exists,fact_portfolio_snapshot,benchmark_id,dim_benchmark.benchmark_id,77056,77055,,Foreign key is blank
Foreign key exists,fact_portfolio_snapshot,benchmark_id,dim_benchmark.benchmark_id,77078,77077,,Foreign key is blank
Foreign key exists,fact_portfolio_snapshot,benchmark_id,dim_benchmark.benchmark_id,77102,77101,,Foreign key is blank
Foreign key exists,fact_portfolio_snapshot,benchmark_id,dim_benchmark.benchmark_id,77128,77127,,Foreign key is blank
Foreign key exists,fact_portfolio_snapshot,benchmark_id,dim_benchmark.benchmark_id,77269,77268,,Foreign key is blank
Foreign key exists,fact_portfolio_snapshot,benchmark_id,dim_benchmark.benchmark_id,77328,77327,,Foreign key is blank
Foreign key exists,fact_portfolio_snapshot,benchmark_id,dim_benchmark.benchmark_id,77411,77410,,Foreign key is blank
Foreign key exists,fact_portfolio_snapshot,benchmark_id,dim_benchmark.benchmark_id,77430,77429,,Foreign key is blank
Foreign key exists,fact_portfolio_snapshot,benchmark_id,dim_benchmark.benchmark_id,77509,77508,,Foreign key is blank
Foreign key exists,fact_portfolio_snapshot,benchmark_id,dim_benchmark.benchmark_id,77565,77564,,Foreign key is blank
Foreign key exists,fact_portfolio_snapshot,benchmark_id,dim_benchmark.benchmark_id,77739,77738,,Foreign key is blank
Foreign key exists,fact_portfolio_snapshot,benchmark_id,dim_benchmark.benchmark_id,78303,78302,,Foreign key is blank
Foreign key exists,fact_portfolio_snapshot,benchmark_id,dim_benchmark.benchmark_id,78344,78343,,Foreign key is blank
Foreign key exists,fact_portfolio_snapshot,benchmark_id,dim_benchmark.benchmark_id,78521,78520,,Foreign key is blank
Foreign key exists,fact_portfolio_snapshot,benchmark_id,dim_benchmark.benchmark_id,78548,78547,,Foreign key is blank
Foreign key exists,fact_portfolio_snapshot,benchmark_id,dim_benchmark.benchmark_id,78678,78677,,Foreign key is blank
Foreign key exists,fact_portfolio_snapshot,benchmark_id,dim_benchmark.benchmark_id,78781,78780,,Foreign key is blank
Foreign key exists,fact_portfolio_snapshot,benchmark_id,dim_benchmark.benchmark_id,78820,78819,,Foreign key is blank
Foreign key exists,fact_portfolio_snapshot,benchmark_id,dim_benchmark.benchmark_id,78834,78833,,Foreign key is blank
Foreign key exists,fact_portfolio_snapshot,benchmark_id,dim_benchmark.benchmark_id,78845,78844,,Foreign key is blank
Foreign key exists,fact_portfolio_snapshot,benchmark_id,dim_benchmark.benchmark_id,78957,78956,,Foreign key is blank
Foreign key exists,fact_portfolio_snapshot,benchmark_id,dim_benchmark.benchmark_id,78962,78961,,Foreign key is blank
Foreign key exists,fact_portfolio_snapshot,benchmark_id,dim_benchmark.benchmark_id,79065,79064,,Foreign key is blank
Foreign key exists,fact_portfolio_snapshot,benchmark_id,dim_benchmark.benchmark_id,79165,79164,,Foreign key is blank
Foreign key exists,fact_portfolio_snapshot,benchmark_id,dim_benchmark.benchmark_id,79184,79183,,Foreign key is blank
Foreign key exists,fact_portfolio_snapshot,benchmark_id,dim_benchmark.benchmark_id,79201,79200,,Foreign key is blank
Foreign key exists,fact_portfolio_snapshot,benchmark_id,dim_benchmark.benchmark_id,79265,79264,,Foreign key is blank
Foreign key exists,fact_portfolio_snapshot,benchmark_id,dim_benchmark.benchmark_id,79266,79265,,Foreign key is blank
Foreign key exists,fact_portfolio_snapshot,benchmark_id,dim_benchmark.benchmark_id,79348,79347,,Foreign key is blank
Foreign key exists,fact_portfolio_snapshot,benchmark_id,dim_benchmark.benchmark_id,79519,79518,,Foreign key is blank
Foreign key exists,fact_portfolio_snapshot,benchmark_id,dim_benchmark.benchmark_id,79620,79619,,Foreign key is blank
Foreign key exists,fact_portfolio_snapshot,benchmark_id,dim_benchmark.benchmark_id,79697,79696,,Foreign key is blank
Foreign key exists,fact_portfolio_snapshot,benchmark_id,dim_benchmark.benchmark_id,79858,79857,,Foreign key is blank
Foreign key exists,fact_portfolio_snapshot,benchmark_id,dim_benchmark.benchmark_id,79969,79968,,Foreign key is blank
Foreign key exists,fact_portfolio_snapshot,benchmark_id,dim_benchmark.benchmark_id,80165,80164,,Foreign key is blank
Foreign key exists,fact_portfolio_snapshot,benchmark_id,dim_benchmark.benchmark_id,80464,80463,,Foreign key is blank
Foreign key exists,fact_portfolio_snapshot,benchmark_id,dim_benchmark.benchmark_id,80469,80468,,Foreign key is blank
Foreign key exists,fact_portfolio_snapshot,benchmark_id,dim_benchmark.benchmark_id,80584,80583,,Foreign key is blank
Foreign key exists,fact_portfolio_snapshot,benchmark_id,dim_benchmark.benchmark_id,80614,80613,,Foreign key is blank
Foreign key exists,fact_portfolio_snapshot,benchmark_id,dim_benchmark.benchmark_id,80860,80859,,Foreign key is blank
Foreign key exists,fact_portfolio_snapshot,benchmark_id,dim_benchmark.benchmark_id,81015,81014,,Foreign key is blank
Foreign key exists,fact_portfolio_snapshot,benchmark_id,dim_benchmark.benchmark_id,81179,81178,,Foreign key is blank
Foreign key exists,fact_portfolio_snapshot,benchmark_id,dim_benchmark.benchmark_id,81254,81253,,Foreign key is blank
Foreign key exists,fact_portfolio_snapshot,benchmark_id,dim_benchmark.benchmark_id,81388,81387,,Foreign key is blank
Foreign key exists,fact_portfolio_snapshot,benchmark_id,dim_benchmark.benchmark_id,81394,81393,,Foreign key is blank
Foreign key exists,fact_portfolio_snapshot,benchmark_id,dim_benchmark.benchmark_id,81403,81402,,Foreign key is blank
Foreign key exists,fact_portfolio_snapshot,benchmark_id,dim_benchmark.benchmark_id,81630,81629,,Foreign key is blank
Foreign key exists,fact_portfolio_snapshot,benchmark_id,dim_benchmark.benchmark_id,81651,81650,,Foreign key is blank
Foreign key exists,fact_portfolio_snapshot,benchmark_id,dim_benchmark.benchmark_id,81688,81687,,Foreign key is blank
Foreign key exists,fact_portfolio_snapshot,benchmark_id,dim_benchmark.benchmark_id,81794,81793,,Foreign key is blank
Foreign key exists,fact_portfolio_snapshot,benchmark_id,dim_benchmark.benchmark_id,81821,81820,,Foreign key is blank
Foreign key exists,fact_portfolio_snapshot,benchmark_id,dim_benchmark.benchmark_id,81916,81915,,Foreign key is blank
Foreign key exists,fact_portfolio_snapshot,benchmark_id,dim_benchmark.benchmark_id,81968,81967,,Foreign key is blank
Foreign key exists,fact_portfolio_snapshot,benchmark_id,dim_benchmark.benchmark_id,82010,82009,,Foreign key is blank
Foreign key exists,fact_portfolio_snapshot,benchmark_id,dim_benchmark.benchmark_id,82042,82041,,Foreign key is blank
Foreign key exists,fact_portfolio_snapshot,benchmark_id,dim_benchmark.benchmark_id,82163,82162,,Foreign key is blank
Foreign key exists,fact_portfolio_snapshot,benchmark_id,dim_benchmark.benchmark_id,82258,82257,,Foreign key is blank
Foreign key exists,fact_portfolio_snapshot,benchmark_id,dim_benchmark.benchmark_id,82311,82310,,Foreign key is blank
Foreign key exists,fact_portfolio_snapshot,benchmark_id,dim_benchmark.benchmark_id,82402,82401,,Foreign key is blank
Foreign key exists,fact_portfolio_snapshot,benchmark_id,dim_benchmark.benchmark_id,82576,82575,,Foreign key is blank
Foreign key exists,fact_portfolio_snapshot,benchmark_id,dim_benchmark.benchmark_id,82605,82604,,Foreign key is blank
Foreign key exists,fact_portfolio_snapshot,benchmark_id,dim_benchmark.benchmark_id,82755,82754,,Foreign key is blank
Foreign key exists,fact_portfolio_snapshot,benchmark_id,dim_benchmark.benchmark_id,82759,82758,,Foreign key is blank
Foreign key exists,fact_portfolio_snapshot,benchmark_id,dim_benchmark.benchmark_id,82891,82890,,Foreign key is blank
Foreign key exists,fact_portfolio_snapshot,benchmark_id,dim_benchmark.benchmark_id,82897,82896,,Foreign key is blank
Foreign key exists,fact_portfolio_snapshot,benchmark_id,dim_benchmark.benchmark_id,82961,82960,,Foreign key is blank
Foreign key exists,fact_portfolio_snapshot,benchmark_id,dim_benchmark.benchmark_id,83087,83086,,Foreign key is blank
Foreign key exists,fact_portfolio_snapshot,benchmark_id,dim_benchmark.benchmark_id,83089,83088,,Foreign key is blank
Foreign key exists,fact_portfolio_snapshot,benchmark_id,dim_benchmark.benchmark_id,83223,83222,,Foreign key is blank
Foreign key exists,fact_portfolio_snapshot,benchmark_id,dim_benchmark.benchmark_id,83292,83291,,Foreign key is blank
Foreign key exists,fact_portfolio_snapshot,benchmark_id,dim_benchmark.benchmark_id,83316,83315,,Foreign key is blank
Foreign key exists,fact_portfolio_snapshot,benchmark_id,dim_benchmark.benchmark_id,83418,83417,,Foreign key is blank
Foreign key exists,fact_portfolio_snapshot,benchmark_id,dim_benchmark.benchmark_id,83509,83508,,Foreign key is blank
Foreign key exists,fact_portfolio_snapshot,benchmark_id,dim_benchmark.benchmark_id,83748,83747,,Foreign key is blank
Foreign key exists,fact_portfolio_snapshot,benchmark_id,dim_benchmark.benchmark_id,83764,83763,,Foreign key is blank
Foreign key exists,fact_portfolio_snapshot,benchmark_id,dim_benchmark.benchmark_id,83830,83829,,Foreign key is blank
Foreign key exists,fact_portfolio_snapshot,benchmark_id,dim_benchmark.benchmark_id,83931,83930,,Foreign key is blank
Foreign key exists,fact_portfolio_snapshot,benchmark_id,dim_benchmark.benchmark_id,84130,84129,,Foreign key is blank
Foreign key exists,fact_portfolio_snapshot,benchmark_id,dim_benchmark.benchmark_id,84293,84292,,Foreign key is blank
Foreign key exists,fact_portfolio_snapshot,benchmark_id,dim_benchmark.benchmark_id,84404,84403,,Foreign key is blank
Foreign key exists,fact_portfolio_snapshot,benchmark_id,dim_benchmark.benchmark_id,84427,84426,,Foreign key is blank
Foreign key exists,fact_portfolio_snapshot,benchmark_id,dim_benchmark.benchmark_id,84448,84447,,Foreign key is blank
Foreign key exists,fact_portfolio_snapshot,benchmark_id,dim_benchmark.benchmark_id,84454,84453,,Foreign key is blank
Foreign key exists,fact_portfolio_snapshot,benchmark_id,dim_benchmark.benchmark_id,84545,84544,,Foreign key is blank
Foreign key exists,fact_portfolio_snapshot,benchmark_id,dim_benchmark.benchmark_id,84578,84577,,Foreign key is blank
Foreign key exists,fact_portfolio_snapshot,benchmark_id,dim_benchmark.benchmark_id,84672,84671,,Foreign key is blank
Foreign key exists,fact_portfolio_snapshot,benchmark_id,dim_benchmark.benchmark_id,84727,84726,,Foreign key is blank
Foreign key exists,fact_portfolio_snapshot,benchmark_id,dim_benchmark.benchmark_id,84806,84805,,Foreign key is blank
Foreign key exists,fact_portfolio_snapshot,benchmark_id,dim_benchmark.benchmark_id,84846,84845,,Foreign key is blank
Foreign key exists,fact_portfolio_snapshot,benchmark_id,dim_benchmark.benchmark_id,84848,84847,,Foreign key is blank
Foreign key exists,fact_portfolio_snapshot,benchmark_id,dim_benchmark.benchmark_id,84890,84889,,Foreign key is blank
Foreign key exists,fact_portfolio_snapshot,benchmark_id,dim_benchmark.benchmark_id,84920,84919,,Foreign key is blank
Foreign key exists,fact_portfolio_snapshot,benchmark_id,dim_benchmark.benchmark_id,84943,84942,,Foreign key is blank
Foreign key exists,fact_portfolio_snapshot,benchmark_id,dim_benchmark.benchmark_id,85011,85010,,Foreign key is blank
Foreign key exists,fact_portfolio_snapshot,benchmark_id,dim_benchmark.benchmark_id,85131,85130,,Foreign key is blank
Foreign key exists,fact_portfolio_snapshot,benchmark_id,dim_benchmark.benchmark_id,85140,85139,,Foreign key is blank
Foreign key exists,fact_portfolio_snapshot,benchmark_id,dim_benchmark.benchmark_id,85193,85192,,Foreign key is blank
Foreign key exists,fact_portfolio_snapshot,benchmark_id,dim_benchmark.benchmark_id,85420,85419,,Foreign key is blank
Foreign key exists,fact_portfolio_snapshot,benchmark_id,dim_benchmark.benchmark_id,85529,85528,,Foreign key is blank
Foreign key exists,fact_portfolio_snapshot,benchmark_id,dim_benchmark.benchmark_id,85624,85623,,Foreign key is blank
Foreign key exists,fact_portfolio_snapshot,benchmark_id,dim_benchmark.benchmark_id,85637,85636,,Foreign key is blank
Foreign key exists,fact_portfolio_snapshot,benchmark_id,dim_benchmark.benchmark_id,85722,85721,,Foreign key is blank
Foreign key exists,fact_portfolio_snapshot,benchmark_id,dim_benchmark.benchmark_id,85772,85771,,Foreign key is blank
Foreign key exists,fact_portfolio_snapshot,benchmark_id,dim_benchmark.benchmark_id,85843,85842,,Foreign key is blank
Foreign key exists,fact_portfolio_snapshot,benchmark_id,dim_benchmark.benchmark_id,85940,85939,,Foreign key is blank
Foreign key exists,fact_portfolio_snapshot,benchmark_id,dim_benchmark.benchmark_id,86160,86159,,Foreign key is blank
Foreign key exists,fact_portfolio_snapshot,benchmark_id,dim_benchmark.benchmark_id,86163,86162,,Foreign key is blank
Foreign key exists,fact_portfolio_snapshot,benchmark_id,dim_benchmark.benchmark_id,86210,86209,,Foreign key is blank
Foreign key exists,fact_portfolio_snapshot,benchmark_id,dim_benchmark.benchmark_id,86462,86461,,Foreign key is blank
Foreign key exists,fact_portfolio_snapshot,benchmark_id,dim_benchmark.benchmark_id,86624,86623,,Foreign key is blank
Foreign key exists,fact_portfolio_snapshot,benchmark_id,dim_benchmark.benchmark_id,86687,86686,,Foreign key is blank
Foreign key exists,fact_portfolio_snapshot,benchmark_id,dim_benchmark.benchmark_id,86710,86709,,Foreign key is blank
Foreign key exists,fact_portfolio_snapshot,benchmark_id,dim_benchmark.benchmark_id,86761,86760,,Foreign key is blank
Foreign key exists,fact_portfolio_snapshot,benchmark_id,dim_benchmark.benchmark_id,86794,86793,,Foreign key is blank
Foreign key exists,fact_portfolio_snapshot,benchmark_id,dim_benchmark.benchmark_id,86825,86824,,Foreign key is blank
Foreign key exists,fact_portfolio_snapshot,benchmark_id,dim_benchmark.benchmark_id,86853,86852,,Foreign key is blank
Foreign key exists,fact_portfolio_snapshot,benchmark_id,dim_benchmark.benchmark_id,86854,86853,,Foreign key is blank
Foreign key exists,fact_portfolio_snapshot,benchmark_id,dim_benchmark.benchmark_id,86878,86877,,Foreign key is blank
Foreign key exists,fact_portfolio_snapshot,benchmark_id,dim_benchmark.benchmark_id,86903,86902,,Foreign key is blank
Foreign key exists,fact_portfolio_snapshot,benchmark_id,dim_benchmark.benchmark_id,87011,87010,,Foreign key is blank
Foreign key exists,fact_portfolio_snapshot,benchmark_id,dim_benchmark.benchmark_id,87118,87117,,Foreign key is blank
Foreign key exists,fact_portfolio_snapshot,benchmark_id,dim_benchmark.benchmark_id,87145,87144,,Foreign key is blank
Foreign key exists,fact_portfolio_snapshot,benchmark_id,dim_benchmark.benchmark_id,87172,87171,,Foreign key is blank
Foreign key exists,fact_portfolio_snapshot,benchmark_id,dim_benchmark.benchmark_id,87186,87185,,Foreign key is blank
Foreign key exists,fact_portfolio_snapshot,benchmark_id,dim_benchmark.benchmark_id,87362,87361,,Foreign key is blank
Foreign key exists,fact_portfolio_snapshot,benchmark_id,dim_benchmark.benchmark_id,87649,87648,,Foreign key is blank
Foreign key exists,fact_portfolio_snapshot,benchmark_id,dim_benchmark.benchmark_id,87655,87654,,Foreign key is blank
Foreign key exists,fact_portfolio_snapshot,benchmark_id,dim_benchmark.benchmark_id,87665,87664,,Foreign key is blank
Foreign key exists,fact_portfolio_snapshot,benchmark_id,dim_benchmark.benchmark_id,87786,87785,,Foreign key is blank
Foreign key exists,fact_portfolio_snapshot,benchmark_id,dim_benchmark.benchmark_id,87899,87898,,Foreign key is blank
Foreign key exists,fact_portfolio_snapshot,benchmark_id,dim_benchmark.benchmark_id,87963,87962,,Foreign key is blank
Foreign key exists,fact_portfolio_snapshot,benchmark_id,dim_benchmark.benchmark_id,87986,87985,,Foreign key is blank
Foreign key exists,fact_portfolio_snapshot,benchmark_id,dim_benchmark.benchmark_id,88005,88004,,Foreign key is blank
Foreign key exists,fact_portfolio_snapshot,benchmark_id,dim_benchmark.benchmark_id,88052,88051,,Foreign key is blank
Foreign key exists,fact_portfolio_snapshot,benchmark_id,dim_benchmark.benchmark_id,88181,88180,,Foreign key is blank
Foreign key exists,fact_portfolio_snapshot,benchmark_id,dim_benchmark.benchmark_id,88198,88197,,Foreign key is blank
Foreign key exists,fact_portfolio_snapshot,benchmark_id,dim_benchmark.benchmark_id,88251,88250,,Foreign key is blank
Foreign key exists,fact_portfolio_snapshot,benchmark_id,dim_benchmark.benchmark_id,88514,88513,,Foreign key is blank
Foreign key exists,fact_portfolio_snapshot,benchmark_id,dim_benchmark.benchmark_id,88691,88690,,Foreign key is blank
Foreign key exists,fact_portfolio_snapshot,benchmark_id,dim_benchmark.benchmark_id,88841,88840,,Foreign key is blank
Foreign key exists,fact_portfolio_snapshot,benchmark_id,dim_benchmark.benchmark_id,89389,89388,,Foreign key is blank
Foreign key exists,fact_portfolio_snapshot,benchmark_id,dim_benchmark.benchmark_id,89473,89472,,Foreign key is blank
Foreign key exists,fact_portfolio_snapshot,benchmark_id,dim_benchmark.benchmark_id,89511,89510,,Foreign key is blank
Foreign key exists,fact_portfolio_snapshot,benchmark_id,dim_benchmark.benchmark_id,89629,89628,,Foreign key is blank
Foreign key exists,fact_portfolio_snapshot,benchmark_id,dim_benchmark.benchmark_id,89635,89634,,Foreign key is blank
Foreign key exists,fact_portfolio_snapshot,benchmark_id,dim_benchmark.benchmark_id,89746,89745,,Foreign key is blank
Foreign key exists,fact_portfolio_snapshot,benchmark_id,dim_benchmark.benchmark_id,89794,89793,,Foreign key is blank
Foreign key exists,fact_portfolio_snapshot,benchmark_id,dim_benchmark.benchmark_id,89902,89901,,Foreign key is blank
Foreign key exists,fact_portfolio_snapshot,benchmark_id,dim_benchmark.benchmark_id,89913,89912,,Foreign key is blank
Foreign key exists,fact_portfolio_snapshot,benchmark_id,dim_benchmark.benchmark_id,89927,89926,,Foreign key is blank
Foreign key exists,fact_portfolio_snapshot,benchmark_id,dim_benchmark.benchmark_id,90010,90009,,Foreign key is blank
Foreign key exists,fact_portfolio_snapshot,benchmark_id,dim_benchmark.benchmark_id,90230,90229,,Foreign key is blank
Foreign key exists,fact_portfolio_snapshot,benchmark_id,dim_benchmark.benchmark_id,90431,90430,,Foreign key is blank
Foreign key exists,fact_portfolio_snapshot,benchmark_id,dim_benchmark.benchmark_id,90450,90449,,Foreign key is blank
Foreign key exists,fact_portfolio_snapshot,benchmark_id,dim_benchmark.benchmark_id,90476,90475,,Foreign key is blank
Foreign key exists,fact_portfolio_snapshot,benchmark_id,dim_benchmark.benchmark_id,90493,90492,,Foreign key is blank
Foreign key exists,fact_portfolio_snapshot,benchmark_id,dim_benchmark.benchmark_id,90508,90507,,Foreign key is blank
Foreign key exists,fact_portfolio_snapshot,benchmark_id,dim_benchmark.benchmark_id,90689,90688,,Foreign key is blank
Foreign key exists,fact_portfolio_snapshot,benchmark_id,dim_benchmark.benchmark_id,90725,90724,,Foreign key is blank
Foreign key exists,fact_portfolio_snapshot,benchmark_id,dim_benchmark.benchmark_id,90874,90873,,Foreign key is blank
Foreign key exists,fact_portfolio_snapshot,benchmark_id,dim_benchmark.benchmark_id,90926,90925,,Foreign key is blank
Foreign key exists,fact_portfolio_snapshot,benchmark_id,dim_benchmark.benchmark_id,90938,90937,,Foreign key is blank
Foreign key exists,fact_portfolio_snapshot,benchmark_id,dim_benchmark.benchmark_id,90991,90990,,Foreign key is blank
Foreign key exists,fact_portfolio_snapshot,benchmark_id,dim_benchmark.benchmark_id,91084,91083,,Foreign key is blank
Foreign key exists,fact_portfolio_snapshot,benchmark_id,dim_benchmark.benchmark_id,91187,91186,,Foreign key is blank
Foreign key exists,fact_portfolio_snapshot,benchmark_id,dim_benchmark.benchmark_id,91198,91197,,Foreign key is blank
Foreign key exists,fact_portfolio_snapshot,benchmark_id,dim_benchmark.benchmark_id,91529,91528,,Foreign key is blank
Foreign key exists,fact_portfolio_snapshot,benchmark_id,dim_benchmark.benchmark_id,91552,91551,,Foreign key is blank
Foreign key exists,fact_portfolio_snapshot,benchmark_id,dim_benchmark.benchmark_id,91579,91578,,Foreign key is blank
Foreign key exists,fact_portfolio_snapshot,benchmark_id,dim_benchmark.benchmark_id,91653,91652,,Foreign key is blank
Foreign key exists,fact_portfolio_snapshot,benchmark_id,dim_benchmark.benchmark_id,91808,91807,,Foreign key is blank
Foreign key exists,fact_portfolio_snapshot,benchmark_id,dim_benchmark.benchmark_id,91911,91910,,Foreign key is blank
Foreign key exists,fact_portfolio_snapshot,benchmark_id,dim_benchmark.benchmark_id,92011,92010,,Foreign key is blank
Foreign key exists,fact_portfolio_snapshot,benchmark_id,dim_benchmark.benchmark_id,92087,92086,,Foreign key is blank
Foreign key exists,fact_portfolio_snapshot,benchmark_id,dim_benchmark.benchmark_id,92263,92262,,Foreign key is blank
Foreign key exists,fact_portfolio_snapshot,benchmark_id,dim_benchmark.benchmark_id,92693,92692,,Foreign key is blank
Foreign key exists,fact_portfolio_snapshot,benchmark_id,dim_benchmark.benchmark_id,92705,92704,,Foreign key is blank
Foreign key exists,fact_portfolio_snapshot,benchmark_id,dim_benchmark.benchmark_id,92858,92857,,Foreign key is blank
Foreign key exists,fact_portfolio_snapshot,benchmark_id,dim_benchmark.benchmark_id,93131,93130,,Foreign key is blank
Foreign key exists,fact_portfolio_snapshot,benchmark_id,dim_benchmark.benchmark_id,93196,93195,,Foreign key is blank
Foreign key exists,fact_portfolio_snapshot,benchmark_id,dim_benchmark.benchmark_id,93206,93205,,Foreign key is blank
Foreign key exists,fact_portfolio_snapshot,benchmark_id,dim_benchmark.benchmark_id,93277,93276,,Foreign key is blank
Foreign key exists,fact_portfolio_snapshot,benchmark_id,dim_benchmark.benchmark_id,93565,93564,,Foreign key is blank
Foreign key exists,fact_portfolio_snapshot,benchmark_id,dim_benchmark.benchmark_id,93607,93606,,Foreign key is blank
Foreign key exists,fact_portfolio_snapshot,benchmark_id,dim_benchmark.benchmark_id,93737,93736,,Foreign key is blank
Foreign key exists,fact_portfolio_snapshot,benchmark_id,dim_benchmark.benchmark_id,93806,93805,,Foreign key is blank
Foreign key exists,fact_portfolio_snapshot,benchmark_id,dim_benchmark.benchmark_id,93818,93817,,Foreign key is blank
Foreign key exists,fact_portfolio_snapshot,benchmark_id,dim_benchmark.benchmark_id,94021,94020,,Foreign key is blank
Foreign key exists,fact_portfolio_snapshot,benchmark_id,dim_benchmark.benchmark_id,94032,94031,,Foreign key is blank
Foreign key exists,fact_portfolio_snapshot,benchmark_id,dim_benchmark.benchmark_id,94080,94079,,Foreign key is blank
Foreign key exists,fact_portfolio_snapshot,benchmark_id,dim_benchmark.benchmark_id,94136,94135,,Foreign key is blank
Foreign key exists,fact_portfolio_snapshot,benchmark_id,dim_benchmark.benchmark_id,94161,94160,,Foreign key is blank
Foreign key exists,fact_portfolio_snapshot,benchmark_id,dim_benchmark.benchmark_id,94397,94396,,Foreign key is blank
Foreign key exists,fact_portfolio_snapshot,benchmark_id,dim_benchmark.benchmark_id,94421,94420,,Foreign key is blank
Foreign key exists,fact_portfolio_snapshot,benchmark_id,dim_benchmark.benchmark_id,94440,94439,,Foreign key is blank
Foreign key exists,fact_portfolio_snapshot,benchmark_id,dim_benchmark.benchmark_id,94490,94489,,Foreign key is blank
Foreign key exists,fact_portfolio_snapshot,benchmark_id,dim_benchmark.benchmark_id,94540,94539,,Foreign key is blank
Foreign key exists,fact_portfolio_snapshot,benchmark_id,dim_benchmark.benchmark_id,94574,94573,,Foreign key is blank
Foreign key exists,fact_portfolio_snapshot,benchmark_id,dim_benchmark.benchmark_id,94610,94609,,Foreign key is blank
Foreign key exists,fact_portfolio_snapshot,benchmark_id,dim_benchmark.benchmark_id,94718,94717,,Foreign key is blank
Foreign key exists,fact_portfolio_snapshot,benchmark_id,dim_benchmark.benchmark_id,94740,94739,,Foreign key is blank
Foreign key exists,fact_portfolio_snapshot,benchmark_id,dim_benchmark.benchmark_id,94782,94781,,Foreign key is blank
Foreign key exists,fact_portfolio_snapshot,benchmark_id,dim_benchmark.benchmark_id,94844,94843,,Foreign key is blank
Foreign key exists,fact_portfolio_snapshot,benchmark_id,dim_benchmark.benchmark_id,94999,94998,,Foreign key is blank
Foreign key exists,fact_portfolio_snapshot,benchmark_id,dim_benchmark.benchmark_id,95234,95233,,Foreign key is blank
Foreign key exists,fact_portfolio_snapshot,benchmark_id,dim_benchmark.benchmark_id,95264,95263,,Foreign key is blank
Foreign key exists,fact_portfolio_snapshot,benchmark_id,dim_benchmark.benchmark_id,95296,95295,,Foreign key is blank
Foreign key exists,fact_portfolio_snapshot,benchmark_id,dim_benchmark.benchmark_id,95460,95459,,Foreign key is blank
Foreign key exists,fact_portfolio_snapshot,benchmark_id,dim_benchmark.benchmark_id,95623,95622,,Foreign key is blank
Foreign key exists,fact_portfolio_snapshot,benchmark_id,dim_benchmark.benchmark_id,95892,95891,,Foreign key is blank
Foreign key exists,fact_portfolio_snapshot,benchmark_id,dim_benchmark.benchmark_id,95912,95911,,Foreign key is blank
Foreign key exists,fact_portfolio_snapshot,benchmark_id,dim_benchmark.benchmark_id,95985,95984,,Foreign key is blank
Foreign key exists,fact_portfolio_snapshot,benchmark_id,dim_benchmark.benchmark_id,96182,96181,,Foreign key is blank
Foreign key exists,fact_portfolio_snapshot,benchmark_id,dim_benchmark.benchmark_id,96244,96243,,Foreign key is blank
Foreign key exists,fact_portfolio_snapshot,benchmark_id,dim_benchmark.benchmark_id,96712,96711,,Foreign key is blank
Foreign key exists,fact_portfolio_snapshot,benchmark_id,dim_benchmark.benchmark_id,96833,96832,,Foreign key is blank
Foreign key exists,fact_portfolio_snapshot,benchmark_id,dim_benchmark.benchmark_id,96841,96840,,Foreign key is blank
Foreign key exists,fact_portfolio_snapshot,benchmark_id,dim_benchmark.benchmark_id,97064,97063,,Foreign key is blank
Foreign key exists,fact_portfolio_snapshot,benchmark_id,dim_benchmark.benchmark_id,97415,97414,,Foreign key is blank
Foreign key exists,fact_portfolio_snapshot,benchmark_id,dim_benchmark.benchmark_id,97488,97487,,Foreign key is blank
Foreign key exists,fact_portfolio_snapshot,benchmark_id,dim_benchmark.benchmark_id,97559,97558,,Foreign key is blank
Foreign key exists,fact_portfolio_snapshot,benchmark_id,dim_benchmark.benchmark_id,97681,97680,,Foreign key is blank
Foreign key exists,fact_portfolio_snapshot,benchmark_id,dim_benchmark.benchmark_id,97686,97685,,Foreign key is blank
Foreign key exists,fact_portfolio_snapshot,benchmark_id,dim_benchmark.benchmark_id,97746,97745,,Foreign key is blank
Foreign key exists,fact_portfolio_snapshot,benchmark_id,dim_benchmark.benchmark_id,98019,98018,,Foreign key is blank
Foreign key exists,fact_portfolio_snapshot,benchmark_id,dim_benchmark.benchmark_id,98054,98053,,Foreign key is blank
Foreign key exists,fact_portfolio_snapshot,benchmark_id,dim_benchmark.benchmark_id,98080,98079,,Foreign key is blank
Foreign key exists,fact_portfolio_snapshot,benchmark_id,dim_benchmark.benchmark_id,98186,98185,,Foreign key is blank
Foreign key exists,fact_portfolio_snapshot,benchmark_id,dim_benchmark.benchmark_id,98243,98242,,Foreign key is blank
Foreign key exists,fact_portfolio_snapshot,benchmark_id,dim_benchmark.benchmark_id,98336,98335,,Foreign key is blank
Foreign key exists,fact_portfolio_snapshot,benchmark_id,dim_benchmark.benchmark_id,98406,98405,,Foreign key is blank
Foreign key exists,fact_portfolio_snapshot,benchmark_id,dim_benchmark.benchmark_id,98533,98532,,Foreign key is blank
Foreign key exists,fact_portfolio_snapshot,benchmark_id,dim_benchmark.benchmark_id,98718,98717,,Foreign key is blank
Foreign key exists,fact_portfolio_snapshot,benchmark_id,dim_benchmark.benchmark_id,99008,99007,,Foreign key is blank
Foreign key exists,fact_portfolio_snapshot,benchmark_id,dim_benchmark.benchmark_id,99174,99173,,Foreign key is blank
Foreign key exists,fact_portfolio_snapshot,benchmark_id,dim_benchmark.benchmark_id,99395,99394,,Foreign key is blank
Foreign key exists,fact_portfolio_snapshot,benchmark_id,dim_benchmark.benchmark_id,99509,99508,,Foreign key is blank
Foreign key exists,fact_portfolio_snapshot,benchmark_id,dim_benchmark.benchmark_id,99753,99752,,Foreign key is blank
Foreign key exists,fact_portfolio_snapshot,benchmark_id,dim_benchmark.benchmark_id,99796,99795,,Foreign key is blank
Foreign key exists,fact_portfolio_snapshot,benchmark_id,dim_benchmark.benchmark_id,99908,99907,,Foreign key is blank
Foreign key exists,fact_portfolio_snapshot,benchmark_id,dim_benchmark.benchmark_id,99960,99959,,Foreign key is blank
Foreign key exists,fact_portfolio_snapshot,benchmark_id,dim_benchmark.benchmark_id,99964,99963,,Foreign key is blank
Foreign key exists,fact_portfolio_snapshot,benchmark_id,dim_benchmark.benchmark_id,100035,100034,,Foreign key is blank
Foreign key exists,fact_portfolio_snapshot,benchmark_id,dim_benchmark.benchmark_id,100086,100085,,Foreign key is blank
Foreign key exists,fact_portfolio_snapshot,benchmark_id,dim_benchmark.benchmark_id,100367,100366,,Foreign key is blank
Foreign key exists,fact_portfolio_snapshot,benchmark_id,dim_benchmark.benchmark_id,100381,100380,,Foreign key is blank
Foreign key exists,fact_portfolio_snapshot,benchmark_id,dim_benchmark.benchmark_id,100643,100642,,Foreign key is blank
Foreign key exists,fact_portfolio_snapshot,benchmark_id,dim_benchmark.benchmark_id,100935,100934,,Foreign key is blank
Foreign key exists,fact_portfolio_snapshot,benchmark_id,dim_benchmark.benchmark_id,101023,101022,,Foreign key is blank
Foreign key exists,fact_portfolio_snapshot,benchmark_id,dim_benchmark.benchmark_id,101152,101151,,Foreign key is blank
Foreign key exists,fact_portfolio_snapshot,benchmark_id,dim_benchmark.benchmark_id,101180,101179,,Foreign key is blank
Foreign key exists,fact_portfolio_snapshot,benchmark_id,dim_benchmark.benchmark_id,101356,101355,,Foreign key is blank
Foreign key exists,fact_portfolio_snapshot,benchmark_id,dim_benchmark.benchmark_id,101517,101516,,Foreign key is blank
Foreign key exists,fact_portfolio_snapshot,benchmark_id,dim_benchmark.benchmark_id,101577,101576,,Foreign key is blank
Foreign key exists,fact_portfolio_snapshot,benchmark_id,dim_benchmark.benchmark_id,101876,101875,,Foreign key is blank
Foreign key exists,fact_portfolio_snapshot,benchmark_id,dim_benchmark.benchmark_id,102064,102063,,Foreign key is blank
Foreign key exists,fact_portfolio_snapshot,benchmark_id,dim_benchmark.benchmark_id,102164,102163,,Foreign key is blank
Foreign key exists,fact_portfolio_snapshot,benchmark_id,dim_benchmark.benchmark_id,102197,102196,,Foreign key is blank
Foreign key exists,fact_portfolio_snapshot,benchmark_id,dim_benchmark.benchmark_id,102620,102619,,Foreign key is blank
Foreign key exists,fact_portfolio_snapshot,benchmark_id,dim_benchmark.benchmark_id,102629,102628,,Foreign key is blank
Foreign key exists,fact_portfolio_snapshot,benchmark_id,dim_benchmark.benchmark_id,102751,102750,,Foreign key is blank
Foreign key exists,fact_portfolio_snapshot,benchmark_id,dim_benchmark.benchmark_id,102877,102876,,Foreign key is blank
Foreign key exists,fact_portfolio_snapshot,benchmark_id,dim_benchmark.benchmark_id,102989,102988,,Foreign key is blank
Foreign key exists,fact_portfolio_snapshot,benchmark_id,dim_benchmark.benchmark_id,103080,103079,,Foreign key is blank
Foreign key exists,fact_portfolio_snapshot,benchmark_id,dim_benchmark.benchmark_id,103156,103155,,Foreign key is blank
Foreign key exists,fact_portfolio_snapshot,benchmark_id,dim_benchmark.benchmark_id,103204,103203,,Foreign key is blank
Foreign key exists,fact_portfolio_snapshot,benchmark_id,dim_benchmark.benchmark_id,103208,103207,,Foreign key is blank
Foreign key exists,fact_portfolio_snapshot,benchmark_id,dim_benchmark.benchmark_id,103345,103344,,Foreign key is blank
Foreign key exists,fact_portfolio_snapshot,benchmark_id,dim_benchmark.benchmark_id,103481,103480,,Foreign key is blank
Foreign key exists,fact_portfolio_snapshot,benchmark_id,dim_benchmark.benchmark_id,103796,103795,,Foreign key is blank
Foreign key exists,fact_portfolio_snapshot,benchmark_id,dim_benchmark.benchmark_id,103843,103842,,Foreign key is blank
Foreign key exists,fact_portfolio_snapshot,benchmark_id,dim_benchmark.benchmark_id,103883,103882,,Foreign key is blank
Foreign key exists,fact_portfolio_snapshot,benchmark_id,dim_benchmark.benchmark_id,104188,104187,,Foreign key is blank
Foreign key exists,fact_portfolio_snapshot,benchmark_id,dim_benchmark.benchmark_id,104193,104192,,Foreign key is blank
Foreign key exists,fact_portfolio_snapshot,benchmark_id,dim_benchmark.benchmark_id,104244,104243,,Foreign key is blank
Foreign key exists,fact_portfolio_snapshot,benchmark_id,dim_benchmark.benchmark_id,104285,104284,,Foreign key is blank
Foreign key exists,fact_portfolio_snapshot,benchmark_id,dim_benchmark.benchmark_id,104296,104295,,Foreign key is blank
Foreign key exists,fact_portfolio_snapshot,benchmark_id,dim_benchmark.benchmark_id,104347,104346,,Foreign key is blank
Foreign key exists,fact_portfolio_snapshot,benchmark_id,dim_benchmark.benchmark_id,104420,104419,,Foreign key is blank
Foreign key exists,fact_portfolio_snapshot,benchmark_id,dim_benchmark.benchmark_id,104466,104465,,Foreign key is blank
Foreign key exists,fact_portfolio_snapshot,benchmark_id,dim_benchmark.benchmark_id,104657,104656,,Foreign key is blank
Foreign key exists,fact_portfolio_snapshot,benchmark_id,dim_benchmark.benchmark_id,104771,104770,,Foreign key is blank
Foreign key exists,fact_portfolio_snapshot,benchmark_id,dim_benchmark.benchmark_id,104791,104790,,Foreign key is blank
Foreign key exists,fact_portfolio_snapshot,benchmark_id,dim_benchmark.benchmark_id,104901,104900,,Foreign key is blank
Foreign key exists,fact_portfolio_snapshot,benchmark_id,dim_benchmark.benchmark_id,104923,104922,,Foreign key is blank
Foreign key exists,fact_portfolio_snapshot,benchmark_id,dim_benchmark.benchmark_id,104990,104989,,Foreign key is blank
Foreign key exists,fact_portfolio_snapshot,benchmark_id,dim_benchmark.benchmark_id,105009,105008,,Foreign key is blank
Foreign key exists,fact_portfolio_snapshot,benchmark_id,dim_benchmark.benchmark_id,105052,105051,,Foreign key is blank
Foreign key exists,fact_portfolio_snapshot,benchmark_id,dim_benchmark.benchmark_id,105100,105099,,Foreign key is blank
Foreign key exists,fact_portfolio_snapshot,benchmark_id,dim_benchmark.benchmark_id,105157,105156,,Foreign key is blank
Foreign key exists,fact_portfolio_snapshot,benchmark_id,dim_benchmark.benchmark_id,105198,105197,,Foreign key is blank
Foreign key exists,fact_portfolio_snapshot,benchmark_id,dim_benchmark.benchmark_id,105605,105604,,Foreign key is blank
Foreign key exists,fact_portfolio_snapshot,benchmark_id,dim_benchmark.benchmark_id,105613,105612,,Foreign key is blank
Foreign key exists,fact_portfolio_snapshot,benchmark_id,dim_benchmark.benchmark_id,105723,105722,,Foreign key is blank
Foreign key exists,fact_portfolio_snapshot,benchmark_id,dim_benchmark.benchmark_id,105785,105784,,Foreign key is blank
Foreign key exists,fact_portfolio_snapshot,benchmark_id,dim_benchmark.benchmark_id,105937,105936,,Foreign key is blank
Foreign key exists,fact_portfolio_snapshot,benchmark_id,dim_benchmark.benchmark_id,105958,105957,,Foreign key is blank
Foreign key exists,fact_portfolio_snapshot,benchmark_id,dim_benchmark.benchmark_id,106103,106102,,Foreign key is blank
Foreign key exists,fact_portfolio_snapshot,benchmark_id,dim_benchmark.benchmark_id,106194,106193,,Foreign key is blank
Foreign key exists,fact_portfolio_snapshot,benchmark_id,dim_benchmark.benchmark_id,106202,106201,,Foreign key is blank
Foreign key exists,fact_portfolio_snapshot,benchmark_id,dim_benchmark.benchmark_id,106226,106225,,Foreign key is blank
Foreign key exists,fact_portfolio_snapshot,benchmark_id,dim_benchmark.benchmark_id,106456,106455,,Foreign key is blank
Foreign key exists,fact_portfolio_snapshot,benchmark_id,dim_benchmark.benchmark_id,106601,106600,,Foreign key is blank
Foreign key exists,fact_portfolio_snapshot,benchmark_id,dim_benchmark.benchmark_id,106738,106737,,Foreign key is blank
Foreign key exists,fact_portfolio_snapshot,benchmark_id,dim_benchmark.benchmark_id,106749,106748,,Foreign key is blank
Foreign key exists,fact_portfolio_snapshot,benchmark_id,dim_benchmark.benchmark_id,106776,106775,,Foreign key is blank
Foreign key exists,fact_portfolio_snapshot,benchmark_id,dim_benchmark.benchmark_id,106906,106905,,Foreign key is blank
Foreign key exists,fact_portfolio_snapshot,benchmark_id,dim_benchmark.benchmark_id,106911,106910,,Foreign key is blank
Foreign key exists,fact_portfolio_snapshot,benchmark_id,dim_benchmark.benchmark_id,106917,106916,,Foreign key is blank
Foreign key exists,fact_portfolio_snapshot,benchmark_id,dim_benchmark.benchmark_id,106986,106985,,Foreign key is blank
Foreign key exists,fact_portfolio_snapshot,benchmark_id,dim_benchmark.benchmark_id,107020,107019,,Foreign key is blank
Foreign key exists,fact_portfolio_snapshot,benchmark_id,dim_benchmark.benchmark_id,107050,107049,,Foreign key is blank
Foreign key exists,fact_portfolio_snapshot,benchmark_id,dim_benchmark.benchmark_id,107187,107186,,Foreign key is blank
Foreign key exists,fact_portfolio_snapshot,benchmark_id,dim_benchmark.benchmark_id,107496,107495,,Foreign key is blank
Foreign key exists,fact_portfolio_snapshot,benchmark_id,dim_benchmark.benchmark_id,107541,107540,,Foreign key is blank
Foreign key exists,fact_portfolio_snapshot,benchmark_id,dim_benchmark.benchmark_id,107676,107675,,Foreign key is blank
Foreign key exists,fact_portfolio_snapshot,benchmark_id,dim_benchmark.benchmark_id,107790,107789,,Foreign key is blank
Foreign key exists,fact_portfolio_snapshot,benchmark_id,dim_benchmark.benchmark_id,107952,107951,,Foreign key is blank
Foreign key exists,fact_portfolio_snapshot,benchmark_id,dim_benchmark.benchmark_id,108284,108283,,Foreign key is blank
Foreign key exists,fact_portfolio_snapshot,benchmark_id,dim_benchmark.benchmark_id,108353,108352,,Foreign key is blank
Foreign key exists,fact_portfolio_snapshot,benchmark_id,dim_benchmark.benchmark_id,108363,108362,,Foreign key is blank
Foreign key exists,fact_portfolio_snapshot,benchmark_id,dim_benchmark.benchmark_id,108393,108392,,Foreign key is blank
Foreign key exists,fact_portfolio_snapshot,benchmark_id,dim_benchmark.benchmark_id,108479,108478,,Foreign key is blank
Foreign key exists,fact_portfolio_snapshot,benchmark_id,dim_benchmark.benchmark_id,108821,108820,,Foreign key is blank
Foreign key exists,fact_portfolio_snapshot,benchmark_id,dim_benchmark.benchmark_id,108840,108839,,Foreign key is blank
Foreign key exists,fact_portfolio_snapshot,benchmark_id,dim_benchmark.benchmark_id,108875,108874,,Foreign key is blank
Foreign key exists,fact_portfolio_snapshot,benchmark_id,dim_benchmark.benchmark_id,108882,108881,,Foreign key is blank
Foreign key exists,fact_portfolio_snapshot,benchmark_id,dim_benchmark.benchmark_id,108916,108915,,Foreign key is blank
Foreign key exists,fact_portfolio_snapshot,benchmark_id,dim_benchmark.benchmark_id,108945,108944,,Foreign key is blank
Foreign key exists,fact_portfolio_snapshot,benchmark_id,dim_benchmark.benchmark_id,108974,108973,,Foreign key is blank
Foreign key exists,fact_portfolio_snapshot,benchmark_id,dim_benchmark.benchmark_id,108994,108993,,Foreign key is blank
Foreign key exists,fact_portfolio_snapshot,benchmark_id,dim_benchmark.benchmark_id,109340,109339,,Foreign key is blank
Foreign key exists,fact_portfolio_snapshot,benchmark_id,dim_benchmark.benchmark_id,109347,109346,,Foreign key is blank
Foreign key exists,fact_portfolio_snapshot,benchmark_id,dim_benchmark.benchmark_id,109444,109443,,Foreign key is blank
Foreign key exists,fact_portfolio_snapshot,benchmark_id,dim_benchmark.benchmark_id,109466,109465,,Foreign key is blank
Foreign key exists,fact_portfolio_snapshot,benchmark_id,dim_benchmark.benchmark_id,109539,109538,,Foreign key is blank
Foreign key exists,fact_portfolio_snapshot,benchmark_id,dim_benchmark.benchmark_id,109770,109769,,Foreign key is blank
Foreign key exists,fact_portfolio_snapshot,benchmark_id,dim_benchmark.benchmark_id,109790,109789,,Foreign key is blank
Foreign key exists,fact_portfolio_snapshot,benchmark_id,dim_benchmark.benchmark_id,110080,110079,,Foreign key is blank
Foreign key exists,fact_portfolio_snapshot,benchmark_id,dim_benchmark.benchmark_id,110083,110082,,Foreign key is blank
Foreign key exists,fact_portfolio_snapshot,benchmark_id,dim_benchmark.benchmark_id,110094,110093,,Foreign key is blank
Foreign key exists,fact_portfolio_snapshot,benchmark_id,dim_benchmark.benchmark_id,110463,110462,,Foreign key is blank
Foreign key exists,fact_portfolio_snapshot,benchmark_id,dim_benchmark.benchmark_id,110470,110469,,Foreign key is blank
Foreign key exists,fact_portfolio_snapshot,benchmark_id,dim_benchmark.benchmark_id,110509,110508,,Foreign key is blank
Foreign key exists,fact_portfolio_snapshot,benchmark_id,dim_benchmark.benchmark_id,110591,110590,,Foreign key is blank
Foreign key exists,fact_portfolio_snapshot,benchmark_id,dim_benchmark.benchmark_id,110656,110655,,Foreign key is blank
Foreign key exists,fact_portfolio_snapshot,benchmark_id,dim_benchmark.benchmark_id,110667,110666,,Foreign key is blank
Foreign key exists,fact_portfolio_snapshot,benchmark_id,dim_benchmark.benchmark_id,110734,110733,,Foreign key is blank
Foreign key exists,fact_portfolio_snapshot,benchmark_id,dim_benchmark.benchmark_id,110899,110898,,Foreign key is blank
Foreign key exists,fact_portfolio_snapshot,benchmark_id,dim_benchmark.benchmark_id,110933,110932,,Foreign key is blank
Foreign key exists,fact_portfolio_snapshot,benchmark_id,dim_benchmark.benchmark_id,110962,110961,,Foreign key is blank
Foreign key exists,fact_portfolio_snapshot,benchmark_id,dim_benchmark.benchmark_id,110994,110993,,Foreign key is blank
Foreign key exists,fact_portfolio_snapshot,benchmark_id,dim_benchmark.benchmark_id,111039,111038,,Foreign key is blank
Foreign key exists,fact_portfolio_snapshot,benchmark_id,dim_benchmark.benchmark_id,111431,111430,,Foreign key is blank
Foreign key exists,fact_portfolio_snapshot,benchmark_id,dim_benchmark.benchmark_id,111466,111465,,Foreign key is blank
Foreign key exists,fact_portfolio_snapshot,benchmark_id,dim_benchmark.benchmark_id,111774,111773,,Foreign key is blank
Foreign key exists,fact_portfolio_snapshot,benchmark_id,dim_benchmark.benchmark_id,111946,111945,,Foreign key is blank
Foreign key exists,fact_portfolio_snapshot,benchmark_id,dim_benchmark.benchmark_id,112222,112221,,Foreign key is blank
Foreign key exists,fact_portfolio_snapshot,benchmark_id,dim_benchmark.benchmark_id,112240,112239,,Foreign key is blank
Foreign key exists,fact_portfolio_snapshot,benchmark_id,dim_benchmark.benchmark_id,112355,112354,,Foreign key is blank
Foreign key exists,fact_portfolio_snapshot,benchmark_id,dim_benchmark.benchmark_id,112504,112503,,Foreign key is blank
Foreign key exists,fact_portfolio_snapshot,benchmark_id,dim_benchmark.benchmark_id,112528,112527,,Foreign key is blank
Foreign key exists,fact_portfolio_snapshot,benchmark_id,dim_benchmark.benchmark_id,112546,112545,,Foreign key is blank
Foreign key exists,fact_portfolio_snapshot,benchmark_id,dim_benchmark.benchmark_id,112593,112592,,Foreign key is blank
Foreign key exists,fact_portfolio_snapshot,benchmark_id,dim_benchmark.benchmark_id,112648,112647,,Foreign key is blank
Foreign key exists,fact_portfolio_snapshot,benchmark_id,dim_benchmark.benchmark_id,112759,112758,,Foreign key is blank
Foreign key exists,fact_portfolio_snapshot,benchmark_id,dim_benchmark.benchmark_id,112932,112931,,Foreign key is blank
Foreign key exists,fact_portfolio_snapshot,benchmark_id,dim_benchmark.benchmark_id,113045,113044,,Foreign key is blank
Foreign key exists,fact_portfolio_snapshot,benchmark_id,dim_benchmark.benchmark_id,113152,113151,,Foreign key is blank
Foreign key exists,fact_portfolio_snapshot,benchmark_id,dim_benchmark.benchmark_id,113229,113228,,Foreign key is blank
Foreign key exists,fact_portfolio_snapshot,benchmark_id,dim_benchmark.benchmark_id,113258,113257,,Foreign key is blank
Foreign key exists,fact_portfolio_snapshot,benchmark_id,dim_benchmark.benchmark_id,113283,113282,,Foreign key is blank
Foreign key exists,fact_portfolio_snapshot,benchmark_id,dim_benchmark.benchmark_id,113285,113284,,Foreign key is blank
Foreign key exists,fact_portfolio_snapshot,benchmark_id,dim_benchmark.benchmark_id,113301,113300,,Foreign key is blank
Foreign key exists,fact_portfolio_snapshot,benchmark_id,dim_benchmark.benchmark_id,113429,113428,,Foreign key is blank
Foreign key exists,fact_portfolio_snapshot,benchmark_id,dim_benchmark.benchmark_id,114308,114307,,Foreign key is blank
Foreign key exists,fact_portfolio_snapshot,benchmark_id,dim_benchmark.benchmark_id,114411,114410,,Foreign key is blank
Foreign key exists,fact_portfolio_snapshot,benchmark_id,dim_benchmark.benchmark_id,114544,114543,,Foreign key is blank
Foreign key exists,fact_portfolio_snapshot,benchmark_id,dim_benchmark.benchmark_id,114668,114667,,Foreign key is blank
Foreign key exists,fact_portfolio_snapshot,benchmark_id,dim_benchmark.benchmark_id,114849,114848,,Foreign key is blank
Foreign key exists,fact_portfolio_snapshot,benchmark_id,dim_benchmark.benchmark_id,114910,114909,,Foreign key is blank
Foreign key exists,fact_portfolio_snapshot,benchmark_id,dim_benchmark.benchmark_id,115222,115221,,Foreign key is blank
Foreign key exists,fact_portfolio_snapshot,benchmark_id,dim_benchmark.benchmark_id,115255,115254,,Foreign key is blank
Foreign key exists,fact_portfolio_snapshot,benchmark_id,dim_benchmark.benchmark_id,115309,115308,,Foreign key is blank
Foreign key exists,fact_portfolio_snapshot,benchmark_id,dim_benchmark.benchmark_id,115370,115369,,Foreign key is blank
Foreign key exists,fact_portfolio_snapshot,benchmark_id,dim_benchmark.benchmark_id,115382,115381,,Foreign key is blank
Foreign key exists,fact_portfolio_snapshot,benchmark_id,dim_benchmark.benchmark_id,115488,115487,,Foreign key is blank
Foreign key exists,fact_portfolio_snapshot,benchmark_id,dim_benchmark.benchmark_id,115571,115570,,Foreign key is blank
Foreign key exists,fact_portfolio_snapshot,benchmark_id,dim_benchmark.benchmark_id,115635,115634,,Foreign key is blank
Foreign key exists,fact_portfolio_snapshot,benchmark_id,dim_benchmark.benchmark_id,115738,115737,,Foreign key is blank
Foreign key exists,fact_portfolio_snapshot,benchmark_id,dim_benchmark.benchmark_id,115750,115749,,Foreign key is blank
Foreign key exists,fact_portfolio_snapshot,benchmark_id,dim_benchmark.benchmark_id,115780,115779,,Foreign key is blank
Foreign key exists,fact_portfolio_snapshot,benchmark_id,dim_benchmark.benchmark_id,115901,115900,,Foreign key is blank
Foreign key exists,fact_portfolio_snapshot,benchmark_id,dim_benchmark.benchmark_id,115962,115961,,Foreign key is blank
Foreign key exists,fact_portfolio_snapshot,benchmark_id,dim_benchmark.benchmark_id,116089,116088,,Foreign key is blank
Foreign key exists,fact_portfolio_snapshot,benchmark_id,dim_benchmark.benchmark_id,116124,116123,,Foreign key is blank
Foreign key exists,fact_portfolio_snapshot,benchmark_id,dim_benchmark.benchmark_id,116546,116545,,Foreign key is blank
Foreign key exists,fact_portfolio_snapshot,benchmark_id,dim_benchmark.benchmark_id,116654,116653,,Foreign key is blank
Foreign key exists,fact_portfolio_snapshot,benchmark_id,dim_benchmark.benchmark_id,116714,116713,,Foreign key is blank
Foreign key exists,fact_portfolio_snapshot,benchmark_id,dim_benchmark.benchmark_id,116870,116869,,Foreign key is blank
Foreign key exists,fact_portfolio_snapshot,benchmark_id,dim_benchmark.benchmark_id,117016,117015,,Foreign key is blank
Foreign key exists,fact_portfolio_snapshot,benchmark_id,dim_benchmark.benchmark_id,117143,117142,,Foreign key is blank
Foreign key exists,fact_portfolio_snapshot,benchmark_id,dim_benchmark.benchmark_id,117152,117151,,Foreign key is blank
Foreign key exists,fact_portfolio_snapshot,benchmark_id,dim_benchmark.benchmark_id,117241,117240,,Foreign key is blank
Foreign key exists,fact_portfolio_snapshot,benchmark_id,dim_benchmark.benchmark_id,117316,117315,,Foreign key is blank
Foreign key exists,fact_portfolio_snapshot,benchmark_id,dim_benchmark.benchmark_id,117427,117426,,Foreign key is blank
Foreign key exists,fact_portfolio_snapshot,benchmark_id,dim_benchmark.benchmark_id,117458,117457,,Foreign key is blank
Foreign key exists,fact_portfolio_snapshot,benchmark_id,dim_benchmark.benchmark_id,117638,117637,,Foreign key is blank
Foreign key exists,fact_portfolio_snapshot,benchmark_id,dim_benchmark.benchmark_id,117649,117648,,Foreign key is blank
Foreign key exists,fact_portfolio_snapshot,benchmark_id,dim_benchmark.benchmark_id,117653,117652,,Foreign key is blank
Foreign key exists,fact_portfolio_snapshot,benchmark_id,dim_benchmark.benchmark_id,117656,117655,,Foreign key is blank
Foreign key exists,fact_portfolio_snapshot,benchmark_id,dim_benchmark.benchmark_id,117820,117819,,Foreign key is blank
Foreign key exists,fact_portfolio_snapshot,benchmark_id,dim_benchmark.benchmark_id,117892,117891,,Foreign key is blank
Foreign key exists,fact_portfolio_snapshot,benchmark_id,dim_benchmark.benchmark_id,117901,117900,,Foreign key is blank
Foreign key exists,fact_portfolio_snapshot,benchmark_id,dim_benchmark.benchmark_id,118129,118128,,Foreign key is blank
Foreign key exists,fact_portfolio_snapshot,benchmark_id,dim_benchmark.benchmark_id,118138,118137,,Foreign key is blank
Foreign key exists,fact_portfolio_snapshot,benchmark_id,dim_benchmark.benchmark_id,118161,118160,,Foreign key is blank
Foreign key exists,fact_portfolio_snapshot,benchmark_id,dim_benchmark.benchmark_id,118214,118213,,Foreign key is blank
Foreign key exists,fact_portfolio_snapshot,benchmark_id,dim_benchmark.benchmark_id,118354,118353,,Foreign key is blank
Foreign key exists,fact_portfolio_snapshot,benchmark_id,dim_benchmark.benchmark_id,118530,118529,,Foreign key is blank
Foreign key exists,fact_portfolio_snapshot,benchmark_id,dim_benchmark.benchmark_id,118554,118553,,Foreign key is blank
Foreign key exists,fact_portfolio_snapshot,benchmark_id,dim_benchmark.benchmark_id,118662,118661,,Foreign key is blank
Foreign key exists,fact_portfolio_snapshot,benchmark_id,dim_benchmark.benchmark_id,118753,118752,,Foreign key is blank
Foreign key exists,fact_portfolio_snapshot,benchmark_id,dim_benchmark.benchmark_id,118770,118769,,Foreign key is blank
Foreign key exists,fact_portfolio_snapshot,benchmark_id,dim_benchmark.benchmark_id,118772,118771,,Foreign key is blank
Foreign key exists,fact_portfolio_snapshot,benchmark_id,dim_benchmark.benchmark_id,118792,118791,,Foreign key is blank
Foreign key exists,fact_portfolio_snapshot,benchmark_id,dim_benchmark.benchmark_id,118893,118892,,Foreign key is blank
Foreign key exists,fact_portfolio_snapshot,benchmark_id,dim_benchmark.benchmark_id,119092,119091,,Foreign key is blank
Foreign key exists,fact_portfolio_snapshot,benchmark_id,dim_benchmark.benchmark_id,119248,119247,,Foreign key is blank
Foreign key exists,fact_portfolio_snapshot,benchmark_id,dim_benchmark.benchmark_id,119302,119301,,Foreign key is blank
Foreign key exists,fact_portfolio_snapshot,benchmark_id,dim_benchmark.benchmark_id,119505,119504,,Foreign key is blank
Foreign key exists,fact_portfolio_snapshot,benchmark_id,dim_benchmark.benchmark_id,119548,119547,,Foreign key is blank
Foreign key exists,fact_portfolio_snapshot,benchmark_id,dim_benchmark.benchmark_id,119620,119619,,Foreign key is blank
Foreign key exists,fact_portfolio_snapshot,benchmark_id,dim_benchmark.benchmark_id,119693,119692,,Foreign key is blank
Foreign key exists,fact_portfolio_snapshot,benchmark_id,dim_benchmark.benchmark_id,119954,119953,,Foreign key is blank
Foreign key exists,fact_portfolio_snapshot,benchmark_id,dim_benchmark.benchmark_id,120067,120066,,Foreign key is blank
Foreign key exists,fact_portfolio_snapshot,benchmark_id,dim_benchmark.benchmark_id,120087,120086,,Foreign key is blank
Foreign key exists,fact_portfolio_snapshot,benchmark_id,dim_benchmark.benchmark_id,120242,120241,,Foreign key is blank
Foreign key exists,fact_portfolio_snapshot,benchmark_id,dim_benchmark.benchmark_id,120260,120259,,Foreign key is blank
Foreign key exists,fact_portfolio_snapshot,benchmark_id,dim_benchmark.benchmark_id,120298,120297,,Foreign key is blank
Foreign key exists,fact_portfolio_snapshot,benchmark_id,dim_benchmark.benchmark_id,120380,120379,,Foreign key is blank
Foreign key exists,fact_portfolio_snapshot,benchmark_id,dim_benchmark.benchmark_id,120532,120531,,Foreign key is blank
Foreign key exists,fact_portfolio_snapshot,benchmark_id,dim_benchmark.benchmark_id,120557,120556,,Foreign key is blank
Foreign key exists,fact_portfolio_snapshot,benchmark_id,dim_benchmark.benchmark_id,120708,120707,,Foreign key is blank
Foreign key exists,fact_portfolio_snapshot,benchmark_id,dim_benchmark.benchmark_id,120765,120764,,Foreign key is blank
Foreign key exists,fact_portfolio_snapshot,benchmark_id,dim_benchmark.benchmark_id,120865,120864,,Foreign key is blank
Foreign key exists,fact_portfolio_snapshot,benchmark_id,dim_benchmark.benchmark_id,120980,120979,,Foreign key is blank
Foreign key exists,fact_portfolio_snapshot,benchmark_id,dim_benchmark.benchmark_id,121012,121011,,Foreign key is blank
Foreign key exists,fact_portfolio_snapshot,benchmark_id,dim_benchmark.benchmark_id,121203,121202,,Foreign key is blank
Foreign key exists,fact_portfolio_snapshot,benchmark_id,dim_benchmark.benchmark_id,121219,121218,,Foreign key is blank
Foreign key exists,fact_portfolio_snapshot,benchmark_id,dim_benchmark.benchmark_id,121277,121276,,Foreign key is blank
Foreign key exists,fact_portfolio_snapshot,benchmark_id,dim_benchmark.benchmark_id,121325,121324,,Foreign key is blank
Foreign key exists,fact_portfolio_snapshot,benchmark_id,dim_benchmark.benchmark_id,121372,121371,,Foreign key is blank
Foreign key exists,fact_portfolio_snapshot,benchmark_id,dim_benchmark.benchmark_id,121374,121373,,Foreign key is blank
Foreign key exists,fact_portfolio_snapshot,benchmark_id,dim_benchmark.benchmark_id,121588,121587,,Foreign key is blank
Foreign key exists,fact_portfolio_snapshot,benchmark_id,dim_benchmark.benchmark_id,121595,121594,,Foreign key is blank
Foreign key exists,fact_portfolio_snapshot,benchmark_id,dim_benchmark.benchmark_id,121794,121793,,Foreign key is blank
Foreign key exists,fact_portfolio_snapshot,benchmark_id,dim_benchmark.benchmark_id,121860,121859,,Foreign key is blank
Foreign key exists,fact_portfolio_snapshot,benchmark_id,dim_benchmark.benchmark_id,121921,121920,,Foreign key is blank
Foreign key exists,fact_portfolio_snapshot,benchmark_id,dim_benchmark.benchmark_id,122004,122003,,Foreign key is blank
Foreign key exists,fact_portfolio_snapshot,benchmark_id,dim_benchmark.benchmark_id,122029,122028,,Foreign key is blank
Foreign key exists,fact_portfolio_snapshot,benchmark_id,dim_benchmark.benchmark_id,122242,122241,,Foreign key is blank
Foreign key exists,fact_portfolio_snapshot,benchmark_id,dim_benchmark.benchmark_id,122447,122446,,Foreign key is blank
Foreign key exists,fact_portfolio_snapshot,benchmark_id,dim_benchmark.benchmark_id,122541,122540,,Foreign key is blank
Foreign key exists,fact_portfolio_snapshot,benchmark_id,dim_benchmark.benchmark_id,122759,122758,,Foreign key is blank
Foreign key exists,fact_portfolio_snapshot,benchmark_id,dim_benchmark.benchmark_id,122787,122786,,Foreign key is blank
Foreign key exists,fact_portfolio_snapshot,benchmark_id,dim_benchmark.benchmark_id,122816,122815,,Foreign key is blank
Foreign key exists,fact_portfolio_snapshot,benchmark_id,dim_benchmark.benchmark_id,122819,122818,,Foreign key is blank
Foreign key exists,fact_portfolio_snapshot,benchmark_id,dim_benchmark.benchmark_id,122936,122935,,Foreign key is blank
Foreign key exists,fact_portfolio_snapshot,benchmark_id,dim_benchmark.benchmark_id,123047,123046,,Foreign key is blank
Foreign key exists,fact_portfolio_snapshot,benchmark_id,dim_benchmark.benchmark_id,123226,123225,,Foreign key is blank
Foreign key exists,fact_portfolio_snapshot,benchmark_id,dim_benchmark.benchmark_id,123335,123334,,Foreign key is blank
Foreign key exists,fact_portfolio_snapshot,benchmark_id,dim_benchmark.benchmark_id,123384,123383,,Foreign key is blank
Foreign key exists,fact_portfolio_snapshot,benchmark_id,dim_benchmark.benchmark_id,123472,123471,,Foreign key is blank
Foreign key exists,fact_portfolio_snapshot,benchmark_id,dim_benchmark.benchmark_id,123823,123822,,Foreign key is blank
Foreign key exists,fact_portfolio_snapshot,benchmark_id,dim_benchmark.benchmark_id,123886,123885,,Foreign key is blank
Foreign key exists,fact_portfolio_snapshot,benchmark_id,dim_benchmark.benchmark_id,123899,123898,,Foreign key is blank
Foreign key exists,fact_portfolio_snapshot,benchmark_id,dim_benchmark.benchmark_id,123938,123937,,Foreign key is blank
Foreign key exists,fact_portfolio_snapshot,benchmark_id,dim_benchmark.benchmark_id,123959,123958,,Foreign key is blank
Foreign key exists,fact_portfolio_snapshot,benchmark_id,dim_benchmark.benchmark_id,124004,124003,,Foreign key is blank
Foreign key exists,fact_portfolio_snapshot,benchmark_id,dim_benchmark.benchmark_id,124278,124277,,Foreign key is blank
Foreign key exists,fact_portfolio_snapshot,benchmark_id,dim_benchmark.benchmark_id,124301,124300,,Foreign key is blank
Foreign key exists,fact_portfolio_snapshot,benchmark_id,dim_benchmark.benchmark_id,124404,124403,,Foreign key is blank
Foreign key exists,fact_portfolio_snapshot,benchmark_id,dim_benchmark.benchmark_id,124531,124530,,Foreign key is blank
Foreign key exists,fact_portfolio_snapshot,benchmark_id,dim_benchmark.benchmark_id,124532,124531,,Foreign key is blank
Foreign key exists,fact_portfolio_snapshot,benchmark_id,dim_benchmark.benchmark_id,124686,124685,,Foreign key is blank
Foreign key exists,fact_portfolio_snapshot,benchmark_id,dim_benchmark.benchmark_id,124721,124720,,Foreign key is blank
Foreign key exists,fact_portfolio_snapshot,benchmark_id,dim_benchmark.benchmark_id,124815,124814,,Foreign key is blank
Foreign key exists,fact_portfolio_snapshot,benchmark_id,dim_benchmark.benchmark_id,124964,124963,,Foreign key is blank
Foreign key exists,fact_portfolio_snapshot,benchmark_id,dim_benchmark.benchmark_id,125022,125021,,Foreign key is blank
Foreign key exists,fact_portfolio_snapshot,benchmark_id,dim_benchmark.benchmark_id,125078,125077,,Foreign key is blank
Foreign key exists,fact_portfolio_snapshot,benchmark_id,dim_benchmark.benchmark_id,125155,125154,,Foreign key is blank
Foreign key exists,fact_portfolio_snapshot,benchmark_id,dim_benchmark.benchmark_id,125413,125412,,Foreign key is blank
Foreign key exists,fact_portfolio_snapshot,benchmark_id,dim_benchmark.benchmark_id,125702,125701,,Foreign key is blank
Foreign key exists,fact_portfolio_snapshot,benchmark_id,dim_benchmark.benchmark_id,125818,125817,,Foreign key is blank
Foreign key exists,fact_portfolio_snapshot,benchmark_id,dim_benchmark.benchmark_id,125891,125890,,Foreign key is blank
Foreign key exists,fact_portfolio_snapshot,benchmark_id,dim_benchmark.benchmark_id,125912,125911,,Foreign key is blank
Foreign key exists,fact_portfolio_snapshot,benchmark_id,dim_benchmark.benchmark_id,126251,126250,,Foreign key is blank
Foreign key exists,fact_portfolio_snapshot,benchmark_id,dim_benchmark.benchmark_id,126319,126318,,Foreign key is blank
Foreign key exists,fact_portfolio_snapshot,benchmark_id,dim_benchmark.benchmark_id,126359,126358,,Foreign key is blank
Foreign key exists,fact_portfolio_snapshot,benchmark_id,dim_benchmark.benchmark_id,126491,126490,,Foreign key is blank
Foreign key exists,fact_portfolio_snapshot,benchmark_id,dim_benchmark.benchmark_id,126509,126508,,Foreign key is blank
Foreign key exists,fact_portfolio_snapshot,benchmark_id,dim_benchmark.benchmark_id,126645,126644,,Foreign key is blank
Foreign key exists,fact_portfolio_snapshot,benchmark_id,dim_benchmark.benchmark_id,126652,126651,,Foreign key is blank
Foreign key exists,fact_portfolio_snapshot,benchmark_id,dim_benchmark.benchmark_id,126660,126659,,Foreign key is blank
Foreign key exists,fact_portfolio_snapshot,benchmark_id,dim_benchmark.benchmark_id,126785,126784,,Foreign key is blank
Foreign key exists,fact_portfolio_snapshot,benchmark_id,dim_benchmark.benchmark_id,126798,126797,,Foreign key is blank
Foreign key exists,fact_portfolio_snapshot,benchmark_id,dim_benchmark.benchmark_id,126826,126825,,Foreign key is blank
Foreign key exists,fact_portfolio_snapshot,benchmark_id,dim_benchmark.benchmark_id,127009,127008,,Foreign key is blank
Foreign key exists,fact_portfolio_snapshot,benchmark_id,dim_benchmark.benchmark_id,127273,127272,,Foreign key is blank
Foreign key exists,fact_portfolio_snapshot,benchmark_id,dim_benchmark.benchmark_id,127367,127366,,Foreign key is blank
Foreign key exists,fact_portfolio_snapshot,benchmark_id,dim_benchmark.benchmark_id,127660,127659,,Foreign key is blank
Foreign key exists,fact_portfolio_snapshot,benchmark_id,dim_benchmark.benchmark_id,127883,127882,,Foreign key is blank
Foreign key exists,fact_portfolio_snapshot,benchmark_id,dim_benchmark.benchmark_id,127884,127883,,Foreign key is blank
Foreign key exists,fact_portfolio_snapshot,benchmark_id,dim_benchmark.benchmark_id,127955,127954,,Foreign key is blank
Foreign key exists,fact_portfolio_snapshot,benchmark_id,dim_benchmark.benchmark_id,128096,128095,,Foreign key is blank
Foreign key exists,fact_portfolio_snapshot,benchmark_id,dim_benchmark.benchmark_id,128119,128118,,Foreign key is blank
Foreign key exists,fact_portfolio_snapshot,benchmark_id,dim_benchmark.benchmark_id,128159,128158,,Foreign key is blank
Foreign key exists,fact_portfolio_snapshot,benchmark_id,dim_benchmark.benchmark_id,128204,128203,,Foreign key is blank
Foreign key exists,fact_portfolio_snapshot,benchmark_id,dim_benchmark.benchmark_id,128286,128285,,Foreign key is blank
Foreign key exists,fact_portfolio_snapshot,benchmark_id,dim_benchmark.benchmark_id,128297,128296,,Foreign key is blank
Foreign key exists,fact_portfolio_snapshot,benchmark_id,dim_benchmark.benchmark_id,128391,128390,,Foreign key is blank
Foreign key exists,fact_portfolio_snapshot,benchmark_id,dim_benchmark.benchmark_id,128415,128414,,Foreign key is blank
Foreign key exists,fact_portfolio_snapshot,benchmark_id,dim_benchmark.benchmark_id,128465,128464,,Foreign key is blank
Foreign key exists,fact_portfolio_snapshot,benchmark_id,dim_benchmark.benchmark_id,128522,128521,,Foreign key is blank
Foreign key exists,fact_portfolio_snapshot,benchmark_id,dim_benchmark.benchmark_id,128615,128614,,Foreign key is blank
Foreign key exists,fact_portfolio_snapshot,benchmark_id,dim_benchmark.benchmark_id,128822,128821,,Foreign key is blank
Foreign key exists,fact_portfolio_snapshot,benchmark_id,dim_benchmark.benchmark_id,128939,128938,,Foreign key is blank
Foreign key exists,fact_portfolio_snapshot,benchmark_id,dim_benchmark.benchmark_id,129127,129126,,Foreign key is blank
Foreign key exists,fact_portfolio_snapshot,benchmark_id,dim_benchmark.benchmark_id,129144,129143,,Foreign key is blank
Foreign key exists,fact_portfolio_snapshot,benchmark_id,dim_benchmark.benchmark_id,129323,129322,,Foreign key is blank
Foreign key exists,fact_transactions,client_id,dim_client.client_id,4032,4031,9001,Value not found in dim_client.client_id
Foreign key exists,fact_transactions,client_id,dim_client.client_id,4054,4053,9002,Value not found in dim_client.client_id
Foreign key exists,fact_transactions,client_id,dim_client.client_id,9560,9559,9003,Value not found in dim_client.client_id
Foreign key exists,fact_transactions,client_id,dim_client.client_id,9827,9826,9004,Value not found in dim_client.client_id
Foreign key exists,fact_transactions,client_id,dim_client.client_id,10936,10935,9005,Value not found in dim_client.client_id
Foreign key exists,fact_transactions,client_id,dim_client.client_id,19719,19718,9006,Value not found in dim_client.client_id
Foreign key exists,fact_transactions,client_id,dim_client.client_id,20523,20522,9007,Value not found in dim_client.client_id
Foreign key exists,fact_transactions,client_id,dim_client.client_id,21509,21508,9008,Value not found in dim_client.client_id
Foreign key exists,fact_transactions,client_id,dim_client.client_id,22180,22179,9009,Value not found in dim_client.client_id
Foreign key exists,fact_transactions,client_id,dim_client.client_id,23813,23812,9010,Value not found in dim_client.client_id
Foreign key exists,fact_transactions,client_id,dim_client.client_id,26091,26090,9011,Value not found in dim_client.client_id
Foreign key exists,fact_transactions,client_id,dim_client.client_id,27456,27455,9012,Value not found in dim_client.client_id
Foreign key exists,fact_transactions,client_id,dim_client.client_id,27584,27583,9013,Value not found in dim_client.client_id
Foreign key exists,fact_transactions,client_id,dim_client.client_id,28723,28722,9014,Value not found in dim_client.client_id
Foreign key exists,fact_transactions,client_id,dim_client.client_id,29452,29451,9015,Value not found in dim_client.client_id
Foreign key exists,fact_transactions,client_id,dim_client.client_id,29828,29827,9016,Value not found in dim_client.client_id
Foreign key exists,fact_transactions,client_id,dim_client.client_id,32441,32440,9017,Value not found in dim_client.client_id
Foreign key exists,fact_transactions,client_id,dim_client.client_id,34558,34557,9018,Value not found in dim_client.client_id
Foreign key exists,fact_transactions,client_id,dim_client.client_id,35803,35802,9019,Value not found in dim_client.client_id
Foreign key exists,fact_transactions,client_id,dim_client.client_id,37790,37789,9020,Value not found in dim_client.client_id
Foreign key exists,fact_transactions,client_id,dim_client.client_id,38899,38898,9021,Value not found in dim_client.client_id
Foreign key exists,fact_transactions,client_id,dim_client.client_id,39508,39507,9022,Value not found in dim_client.client_id
Foreign key exists,fact_transactions,client_id,dim_client.client_id,40046,40045,9023,Value not found in dim_client.client_id
Foreign key exists,fact_transactions,client_id,dim_client.client_id,40231,40230,9024,Value not found in dim_client.client_id
Foreign key exists,fact_transactions,client_id,dim_client.client_id,40824,40823,9025,Value not found in dim_client.client_id
Foreign key exists,fact_transactions,client_id,dim_client.client_id,41235,41234,9026,Value not found in dim_client.client_id
Foreign key exists,fact_transactions,client_id,dim_client.client_id,42732,42731,9027,Value not found in dim_client.client_id
Foreign key exists,fact_transactions,client_id,dim_client.client_id,42774,42773,9028,Value not found in dim_client.client_id
Foreign key exists,fact_transactions,client_id,dim_client.client_id,44214,44213,9029,Value not found in dim_client.client_id
Foreign key exists,fact_transactions,client_id,dim_client.client_id,44419,44418,9030,Value not found in dim_client.client_id
Foreign key exists,fact_transactions,client_id,dim_client.client_id,44543,44542,9031,Value not found in dim_client.client_id
Foreign key exists,fact_transactions,client_id,dim_client.client_id,46207,46206,9032,Value not found in dim_client.client_id
Foreign key exists,fact_transactions,client_id,dim_client.client_id,47343,47342,9033,Value not found in dim_client.client_id
Foreign key exists,fact_transactions,client_id,dim_client.client_id,48998,48997,9034,Value not found in dim_client.client_id
Foreign key exists,fact_transactions,client_id,dim_client.client_id,49550,49549,9035,Value not found in dim_client.client_id
Foreign key exists,fact_transactions,client_id,dim_client.client_id,53901,53900,9036,Value not found in dim_client.client_id
Foreign key exists,fact_transactions,client_id,dim_client.client_id,54266,54265,9037,Value not found in dim_client.client_id
Foreign key exists,fact_transactions,client_id,dim_client.client_id,55504,55503,9038,Value not found in dim_client.client_id
Foreign key exists,fact_transactions,client_id,dim_client.client_id,58140,58139,9039,Value not found in dim_client.client_id
Foreign key exists,fact_transactions,client_id,dim_client.client_id,59675,59674,9040,Value not found in dim_client.client_id
Foreign key exists,fact_transactions,client_id,dim_client.client_id,59784,59783,9041,Value not found in dim_client.client_id
Foreign key exists,fact_transactions,client_id,dim_client.client_id,60386,60385,9042,Value not found in dim_client.client_id
Foreign key exists,fact_transactions,client_id,dim_client.client_id,62908,62907,9043,Value not found in dim_client.client_id
Foreign key exists,fact_transactions,client_id,dim_client.client_id,67002,67001,9044,Value not found in dim_client.client_id
Foreign key exists,fact_transactions,client_id,dim_client.client_id,67609,67608,9045,Value not found in dim_client.client_id
Foreign key exists,fact_transactions,client_id,dim_client.client_id,67732,67731,9046,Value not found in dim_client.client_id
Foreign key exists,fact_transactions,client_id,dim_client.client_id,71952,71951,9047,Value not found in dim_client.client_id
Foreign key exists,fact_transactions,client_id,dim_client.client_id,74151,74150,9048,Value not found in dim_client.client_id
Foreign key exists,fact_transactions,client_id,dim_client.client_id,76780,76779,9049,Value not found in dim_client.client_id
Foreign key exists,fact_transactions,client_id,dim_client.client_id,77434,77433,9050,Value not found in dim_client.client_id
Foreign key exists,fact_transactions,client_id,dim_client.client_id,78840,78839,9051,Value not found in dim_client.client_id
Foreign key exists,fact_transactions,client_id,dim_client.client_id,79096,79095,9052,Value not found in dim_client.client_id
Foreign key exists,fact_transactions,client_id,dim_client.client_id,79147,79146,9053,Value not found in dim_client.client_id
Foreign key exists,fact_transactions,client_id,dim_client.client_id,80149,80148,9054,Value not found in dim_client.client_id
Foreign key exists,fact_transactions,client_id,dim_client.client_id,81570,81569,9055,Value not found in dim_client.client_id
Foreign key exists,fact_transactions,client_id,dim_client.client_id,82529,82528,9056,Value not found in dim_client.client_id
Foreign key exists,fact_transactions,client_id,dim_client.client_id,82530,82529,9057,Value not found in dim_client.client_id
Foreign key exists,fact_transactions,client_id,dim_client.client_id,83230,83229,9058,Value not found in dim_client.client_id
Foreign key exists,fact_transactions,client_id,dim_client.client_id,88151,88150,9059,Value not found in dim_client.client_id
Foreign key exists,fact_transactions,client_id,dim_client.client_id,90113,90112,9060,Value not found in dim_client.client_id
Foreign key exists,fact_transactions,client_id,dim_client.client_id,90472,90471,9061,Value not found in dim_client.client_id
Foreign key exists,fact_transactions,client_id,dim_client.client_id,90965,90964,9062,Value not found in dim_client.client_id
Foreign key exists,fact_transactions,client_id,dim_client.client_id,92116,92115,9063,Value not found in dim_client.client_id
Foreign key exists,fact_transactions,client_id,dim_client.client_id,92877,92876,9064,Value not found in dim_client.client_id
Foreign key exists,fact_transactions,client_id,dim_client.client_id,94511,94510,9065,Value not found in dim_client.client_id
Foreign key exists,fact_transactions,client_id,dim_client.client_id,98693,98692,9066,Value not found in dim_client.client_id
Foreign key exists,fact_transactions,client_id,dim_client.client_id,101663,101662,9067,Value not found in dim_client.client_id
Foreign key exists,fact_transactions,client_id,dim_client.client_id,103429,103428,9068,Value not found in dim_client.client_id
Foreign key exists,fact_transactions,client_id,dim_client.client_id,107178,107177,9069,Value not found in dim_client.client_id
Foreign key exists,fact_transactions,client_id,dim_client.client_id,110749,110748,9070,Value not found in dim_client.client_id
Foreign key exists,fact_transactions,client_id,dim_client.client_id,112300,112299,9071,Value not found in dim_client.client_id
Foreign key exists,fact_transactions,client_id,dim_client.client_id,112793,112792,9072,Value not found in dim_client.client_id
Foreign key exists,fact_transactions,client_id,dim_client.client_id,113022,113021,9073,Value not found in dim_client.client_id
Foreign key exists,fact_transactions,client_id,dim_client.client_id,115617,115616,9074,Value not found in dim_client.client_id
Foreign key exists,fact_transactions,client_id,dim_client.client_id,116169,116168,9075,Value not found in dim_client.client_id
Foreign key exists,fact_transactions,client_id,dim_client.client_id,120646,120645,9076,Value not found in dim_client.client_id
Foreign key exists,fact_transactions,client_id,dim_client.client_id,123874,123873,9077,Value not found in dim_client.client_id
Foreign key exists,fact_transactions,client_id,dim_client.client_id,127569,127568,9078,Value not found in dim_client.client_id
Foreign key exists,fact_transactions,client_id,dim_client.client_id,129891,129890,9079,Value not found in dim_client.client_id
Foreign key exists,fact_transactions,client_id,dim_client.client_id,132120,132119,9080,Value not found in dim_client.client_id
Foreign key exists,fact_transactions,client_id,dim_client.client_id,133967,133966,9081,Value not found in dim_client.client_id
Foreign key exists,fact_transactions,client_id,dim_client.client_id,134203,134202,9082,Value not found in dim_client.client_id
Foreign key exists,fact_transactions,client_id,dim_client.client_id,142662,142661,9083,Value not found in dim_client.client_id
Foreign key exists,fact_transactions,client_id,dim_client.client_id,143220,143219,9084,Value not found in dim_client.client_id
Foreign key exists,fact_transactions,client_id,dim_client.client_id,144010,144009,9085,Value not found in dim_client.client_id
Foreign key exists,fact_transactions,client_id,dim_client.client_id,148319,148318,9086,Value not found in dim_client.client_id
Foreign key exists,fact_transactions,client_id,dim_client.client_id,148504,148503,9087,Value not found in dim_client.client_id
Foreign key exists,fact_transactions,client_id,dim_client.client_id,148976,148975,9088,Value not found in dim_client.client_id
Foreign key exists,fact_transactions,client_id,dim_client.client_id,150513,150512,9089,Value not found in dim_client.client_id
Foreign key exists,fact_transactions,client_id,dim_client.client_id,151755,151754,9090,Value not found in dim_client.client_id
Foreign key exists,fact_transactions,client_id,dim_client.client_id,151791,151790,9091,Value not found in dim_client.client_id
Foreign key exists,fact_transactions,client_id,dim_client.client_id,158032,158031,9092,Value not found in dim_client.client_id
Foreign key exists,fact_transactions,client_id,dim_client.client_id,158767,158766,9093,Value not found in dim_client.client_id
Foreign key exists,fact_transactions,client_id,dim_client.client_id,161702,161701,9094,Value not found in dim_client.client_id
Foreign key exists,fact_transactions,client_id,dim_client.client_id,161936,161935,9095,Value not found in dim_client.client_id
Foreign key exists,fact_transactions,client_id,dim_client.client_id,162312,162311,9096,Value not found in dim_client.client_id
Foreign key exists,fact_transactions,client_id,dim_client.client_id,162652,162651,9097,Value not found in dim_client.client_id
Foreign key exists,fact_transactions,client_id,dim_client.client_id,162675,162674,9098,Value not found in dim_client.client_id
Foreign key exists,fact_transactions,client_id,dim_client.client_id,162745,162744,9099,Value not found in dim_client.client_id
Foreign key exists,fact_transactions,client_id,dim_client.client_id,163389,163388,9100,Value not found in dim_client.client_id
Foreign key exists,fact_transactions,client_id,dim_client.client_id,164135,164134,9101,Value not found in dim_client.client_id
Foreign key exists,fact_transactions,client_id,dim_client.client_id,165749,165748,9102,Value not found in dim_client.client_id
Foreign key exists,fact_transactions,client_id,dim_client.client_id,168574,168573,9103,Value not found in dim_client.client_id
Foreign key exists,fact_transactions,client_id,dim_client.client_id,169456,169455,9104,Value not found in dim_client.client_id
Foreign key exists,fact_transactions,client_id,dim_client.client_id,170072,170071,9105,Value not found in dim_client.client_id
Foreign key exists,fact_transactions,client_id,dim_client.client_id,170274,170273,9106,Value not found in dim_client.client_id
Foreign key exists,fact_transactions,client_id,dim_client.client_id,172032,172031,9107,Value not found in dim_client.client_id
Foreign key exists,fact_transactions,client_id,dim_client.client_id,172218,172217,9108,Value not found in dim_client.client_id
Foreign key exists,fact_transactions,client_id,dim_client.client_id,172854,172853,9109,Value not found in dim_client.client_id
Foreign key exists,fact_transactions,client_id,dim_client.client_id,174625,174624,9110,Value not found in dim_client.client_id
Foreign key exists,fact_transactions,client_id,dim_client.client_id,174779,174778,9111,Value not found in dim_client.client_id
Foreign key exists,fact_transactions,client_id,dim_client.client_id,175454,175453,9112,Value not found in dim_client.client_id
Foreign key exists,fact_transactions,client_id,dim_client.client_id,177403,177402,9113,Value not found in dim_client.client_id
Foreign key exists,fact_transactions,client_id,dim_client.client_id,178004,178003,9114,Value not found in dim_client.client_id
Foreign key exists,fact_transactions,client_id,dim_client.client_id,178729,178728,9115,Value not found in dim_client.client_id
Foreign key exists,fact_transactions,client_id,dim_client.client_id,179168,179167,9116,Value not found in dim_client.client_id
Foreign key exists,fact_transactions,client_id,dim_client.client_id,180062,180061,9117,Value not found in dim_client.client_id
Foreign key exists,fact_transactions,client_id,dim_client.client_id,180971,180970,9118,Value not found in dim_client.client_id
Foreign key exists,fact_transactions,client_id,dim_client.client_id,183175,183174,9119,Value not found in dim_client.client_id
Foreign key exists,fact_transactions,client_id,dim_client.client_id,183408,183407,9120,Value not found in dim_client.client_id
Foreign key exists,fact_transactions,client_id,dim_client.client_id,184079,184078,9121,Value not found in dim_client.client_id
Foreign key exists,fact_transactions,client_id,dim_client.client_id,184521,184520,9122,Value not found in dim_client.client_id
Foreign key exists,fact_transactions,client_id,dim_client.client_id,185687,185686,9123,Value not found in dim_client.client_id
Foreign key exists,fact_transactions,client_id,dim_client.client_id,189704,189703,9124,Value not found in dim_client.client_id
Foreign key exists,fact_transactions,client_id,dim_client.client_id,189717,189716,9125,Value not found in dim_client.client_id
Foreign key exists,fact_transactions,client_id,dim_client.client_id,190107,190106,9126,Value not found in dim_client.client_id
Foreign key exists,fact_transactions,client_id,dim_client.client_id,190789,190788,9127,Value not found in dim_client.client_id
Foreign key exists,fact_transactions,client_id,dim_client.client_id,193326,193325,9128,Value not found in dim_client.client_id
Foreign key exists,fact_transactions,client_id,dim_client.client_id,194016,194015,9129,Value not found in dim_client.client_id
Foreign key exists,fact_transactions,client_id,dim_client.client_id,195483,195482,9130,Value not found in dim_client.client_id
Foreign key exists,fact_transactions,client_id,dim_client.client_id,197236,197235,9131,Value not found in dim_client.client_id
Foreign key exists,fact_transactions,client_id,dim_client.client_id,197490,197489,9132,Value not found in dim_client.client_id
Foreign key exists,fact_transactions,client_id,dim_client.client_id,199340,199339,9133,Value not found in dim_client.client_id
Foreign key exists,fact_transactions,client_id,dim_client.client_id,201581,201580,9134,Value not found in dim_client.client_id
Foreign key exists,fact_transactions,client_id,dim_client.client_id,202672,202671,9135,Value not found in dim_client.client_id
Foreign key exists,fact_transactions,client_id,dim_client.client_id,203119,203118,9136,Value not found in dim_client.client_id
Foreign key exists,fact_transactions,client_id,dim_client.client_id,205500,205499,9137,Value not found in dim_client.client_id
Foreign key exists,fact_transactions,client_id,dim_client.client_id,207233,207232,9138,Value not found in dim_client.client_id
Foreign key exists,fact_transactions,client_id,dim_client.client_id,207497,207496,9139,Value not found in dim_client.client_id
Foreign key exists,fact_transactions,client_id,dim_client.client_id,208181,208180,9140,Value not found in dim_client.client_id
Foreign key exists,fact_transactions,client_id,dim_client.client_id,209953,209952,9141,Value not found in dim_client.client_id
Foreign key exists,fact_transactions,client_id,dim_client.client_id,212036,212035,9142,Value not found in dim_client.client_id
Foreign key exists,fact_transactions,client_id,dim_client.client_id,212355,212354,9143,Value not found in dim_client.client_id
Foreign key exists,fact_transactions,client_id,dim_client.client_id,214314,214313,9144,Value not found in dim_client.client_id
Foreign key exists,fact_transactions,client_id,dim_client.client_id,217153,217152,9145,Value not found in dim_client.client_id
Foreign key exists,fact_transactions,client_id,dim_client.client_id,218993,218992,9146,Value not found in dim_client.client_id
Foreign key exists,fact_transactions,client_id,dim_client.client_id,220115,220114,9147,Value not found in dim_client.client_id
Foreign key exists,fact_transactions,client_id,dim_client.client_id,221988,221987,9148,Value not found in dim_client.client_id
Foreign key exists,fact_transactions,client_id,dim_client.client_id,222307,222306,9149,Value not found in dim_client.client_id
Foreign key exists,fact_transactions,client_id,dim_client.client_id,225070,225069,9150,Value not found in dim_client.client_id
Foreign key exists,fact_transactions,client_id,dim_client.client_id,225400,225399,9151,Value not found in dim_client.client_id
Foreign key exists,fact_transactions,client_id,dim_client.client_id,225789,225788,9152,Value not found in dim_client.client_id
Foreign key exists,fact_transactions,client_id,dim_client.client_id,228421,228420,9153,Value not found in dim_client.client_id
Foreign key exists,fact_transactions,client_id,dim_client.client_id,228706,228705,9154,Value not found in dim_client.client_id
Foreign key exists,fact_transactions,client_id,dim_client.client_id,228964,228963,9155,Value not found in dim_client.client_id
Foreign key exists,fact_transactions,client_id,dim_client.client_id,229513,229512,9156,Value not found in dim_client.client_id
Foreign key exists,fact_transactions,client_id,dim_client.client_id,230385,230384,9157,Value not found in dim_client.client_id
Foreign key exists,fact_transactions,client_id,dim_client.client_id,230564,230563,9158,Value not found in dim_client.client_id
Foreign key exists,fact_transactions,client_id,dim_client.client_id,231760,231759,9159,Value not found in dim_client.client_id
Foreign key exists,fact_transactions,client_id,dim_client.client_id,231846,231845,9160,Value not found in dim_client.client_id
Foreign key exists,fact_transactions,client_id,dim_client.client_id,232320,232319,9161,Value not found in dim_client.client_id
Foreign key exists,fact_transactions,client_id,dim_client.client_id,235357,235356,9162,Value not found in dim_client.client_id
Foreign key exists,fact_transactions,client_id,dim_client.client_id,235791,235790,9163,Value not found in dim_client.client_id
Foreign key exists,fact_transactions,client_id,dim_client.client_id,236205,236204,9164,Value not found in dim_client.client_id
Foreign key exists,fact_transactions,client_id,dim_client.client_id,236935,236934,9165,Value not found in dim_client.client_id
Foreign key exists,fact_transactions,client_id,dim_client.client_id,237843,237842,9166,Value not found in dim_client.client_id
Foreign key exists,fact_transactions,client_id,dim_client.client_id,241045,241044,9167,Value not found in dim_client.client_id
Foreign key exists,fact_transactions,client_id,dim_client.client_id,241225,241224,9168,Value not found in dim_client.client_id
Foreign key exists,fact_transactions,client_id,dim_client.client_id,242088,242087,9169,Value not found in dim_client.client_id
Foreign key exists,fact_transactions,client_id,dim_client.client_id,242596,242595,9170,Value not found in dim_client.client_id
Foreign key exists,fact_transactions,client_id,dim_client.client_id,243247,243246,9171,Value not found in dim_client.client_id
Foreign key exists,fact_transactions,client_id,dim_client.client_id,245851,245850,9172,Value not found in dim_client.client_id
Foreign key exists,fact_transactions,client_id,dim_client.client_id,249368,249367,9173,Value not found in dim_client.client_id
Foreign key exists,fact_transactions,client_id,dim_client.client_id,254628,254627,9174,Value not found in dim_client.client_id
Foreign key exists,fact_transactions,client_id,dim_client.client_id,255137,255136,9175,Value not found in dim_client.client_id
Foreign key exists,fact_transactions,client_id,dim_client.client_id,259061,259060,9176,Value not found in dim_client.client_id
Foreign key exists,fact_transactions,client_id,dim_client.client_id,260775,260774,9177,Value not found in dim_client.client_id
Foreign key exists,fact_transactions,client_id,dim_client.client_id,262283,262282,9178,Value not found in dim_client.client_id
Foreign key exists,fact_transactions,client_id,dim_client.client_id,262862,262861,9179,Value not found in dim_client.client_id
Foreign key exists,fact_transactions,client_id,dim_client.client_id,264530,264529,9180,Value not found in dim_client.client_id
Foreign key exists,fact_transactions,client_id,dim_client.client_id,265851,265850,9181,Value not found in dim_client.client_id
Foreign key exists,fact_transactions,client_id,dim_client.client_id,265992,265991,9182,Value not found in dim_client.client_id
Foreign key exists,fact_transactions,client_id,dim_client.client_id,266596,266595,9183,Value not found in dim_client.client_id
Foreign key exists,fact_transactions,client_id,dim_client.client_id,267363,267362,9184,Value not found in dim_client.client_id
Foreign key exists,fact_transactions,client_id,dim_client.client_id,267642,267641,9185,Value not found in dim_client.client_id
Foreign key exists,fact_transactions,client_id,dim_client.client_id,268619,268618,9186,Value not found in dim_client.client_id
Foreign key exists,fact_transactions,client_id,dim_client.client_id,274072,274071,9187,Value not found in dim_client.client_id
Foreign key exists,fact_transactions,client_id,dim_client.client_id,274709,274708,9188,Value not found in dim_client.client_id
Foreign key exists,fact_transactions,client_id,dim_client.client_id,274764,274763,9189,Value not found in dim_client.client_id
Foreign key exists,fact_transactions,client_id,dim_client.client_id,275983,275982,9190,Value not found in dim_client.client_id
Foreign key exists,fact_transactions,client_id,dim_client.client_id,276267,276266,9191,Value not found in dim_client.client_id
Foreign key exists,fact_transactions,client_id,dim_client.client_id,278191,278190,9192,Value not found in dim_client.client_id
Foreign key exists,fact_transactions,client_id,dim_client.client_id,279228,279227,9193,Value not found in dim_client.client_id
Foreign key exists,fact_transactions,client_id,dim_client.client_id,290623,290622,9194,Value not found in dim_client.client_id
Foreign key exists,fact_transactions,client_id,dim_client.client_id,292535,292534,9195,Value not found in dim_client.client_id
Foreign key exists,fact_transactions,client_id,dim_client.client_id,292934,292933,9196,Value not found in dim_client.client_id
Foreign key exists,fact_transactions,client_id,dim_client.client_id,293038,293037,9197,Value not found in dim_client.client_id
Foreign key exists,fact_transactions,client_id,dim_client.client_id,295561,295560,9198,Value not found in dim_client.client_id
Foreign key exists,fact_transactions,client_id,dim_client.client_id,295958,295957,9199,Value not found in dim_client.client_id
Foreign key exists,fact_transactions,client_id,dim_client.client_id,297584,297583,9200,Value not found in dim_client.client_id
Foreign key exists,fact_transactions,client_id,dim_client.client_id,298574,298573,3191,Value not found in dim_client.client_id
Foreign key exists,fact_transactions,client_id,dim_client.client_id,298575,298574,3017,Value not found in dim_client.client_id
Foreign key exists,fact_transactions,client_id,dim_client.client_id,298576,298575,3058,Value not found in dim_client.client_id
Foreign key exists,fact_transactions,client_id,dim_client.client_id,298577,298576,2974,Value not found in dim_client.client_id
Foreign key exists,fact_transactions,client_id,dim_client.client_id,298578,298577,3131,Value not found in dim_client.client_id
Foreign key exists,fact_transactions,client_id,dim_client.client_id,298579,298578,2797,Value not found in dim_client.client_id
Foreign key exists,fact_transactions,client_id,dim_client.client_id,298580,298579,2725,Value not found in dim_client.client_id
Foreign key exists,fact_transactions,client_id,dim_client.client_id,298581,298580,2951,Value not found in dim_client.client_id
Foreign key exists,fact_transactions,client_id,dim_client.client_id,298582,298581,3071,Value not found in dim_client.client_id
Foreign key exists,fact_transactions,client_id,dim_client.client_id,298583,298582,3106,Value not found in dim_client.client_id
Foreign key exists,fact_transactions,client_id,dim_client.client_id,298584,298583,3124,Value not found in dim_client.client_id
Foreign key exists,fact_transactions,client_id,dim_client.client_id,298585,298584,2837,Value not found in dim_client.client_id
Foreign key exists,fact_transactions,client_id,dim_client.client_id,298586,298585,2987,Value not found in dim_client.client_id
Foreign key exists,fact_transactions,client_id,dim_client.client_id,298587,298586,2935,Value not found in dim_client.client_id
Foreign key exists,fact_transactions,client_id,dim_client.client_id,298588,298587,2702,Value not found in dim_client.client_id
Foreign key exists,fact_transactions,client_id,dim_client.client_id,298589,298588,2884,Value not found in dim_client.client_id
Foreign key exists,fact_transactions,client_id,dim_client.client_id,298590,298589,2831,Value not found in dim_client.client_id
Foreign key exists,fact_transactions,client_id,dim_client.client_id,298591,298590,2946,Value not found in dim_client.client_id
Foreign key exists,fact_transactions,client_id,dim_client.client_id,298592,298591,3052,Value not found in dim_client.client_id
Foreign key exists,fact_transactions,client_id,dim_client.client_id,298593,298592,2911,Value not found in dim_client.client_id
Foreign key exists,fact_transactions,client_id,dim_client.client_id,298594,298593,2734,Value not found in dim_client.client_id
Foreign key exists,fact_transactions,client_id,dim_client.client_id,298595,298594,2950,Value not found in dim_client.client_id
Foreign key exists,fact_transactions,client_id,dim_client.client_id,298596,298595,2759,Value not found in dim_client.client_id
Foreign key exists,fact_transactions,client_id,dim_client.client_id,298597,298596,2749,Value not found in dim_client.client_id
Foreign key exists,fact_transactions,client_id,dim_client.client_id,298598,298597,3148,Value not found in dim_client.client_id
Foreign key exists,fact_transactions,client_id,dim_client.client_id,298599,298598,3023,Value not found in dim_client.client_id
Foreign key exists,fact_transactions,client_id,dim_client.client_id,298600,298599,3072,Value not found in dim_client.client_id
Foreign key exists,fact_transactions,client_id,dim_client.client_id,298601,298600,2883,Value not found in dim_client.client_id
Foreign key exists,fact_transactions,client_id,dim_client.client_id,298602,298601,2788,Value not found in dim_client.client_id
Foreign key exists,fact_transactions,client_id,dim_client.client_id,298603,298602,2940,Value not found in dim_client.client_id
Foreign key exists,fact_transactions,client_id,dim_client.client_id,298604,298603,3164,Value not found in dim_client.client_id
Foreign key exists,fact_transactions,client_id,dim_client.client_id,298605,298604,2844,Value not found in dim_client.client_id
Foreign key exists,fact_transactions,client_id,dim_client.client_id,298606,298605,3079,Value not found in dim_client.client_id
Foreign key exists,fact_transactions,client_id,dim_client.client_id,298607,298606,2806,Value not found in dim_client.client_id
Foreign key exists,fact_transactions,client_id,dim_client.client_id,298608,298607,3007,Value not found in dim_client.client_id
Foreign key exists,fact_transactions,client_id,dim_client.client_id,298609,298608,2778,Value not found in dim_client.client_id
Foreign key exists,fact_transactions,client_id,dim_client.client_id,298610,298609,2882,Value not found in dim_client.client_id
Foreign key exists,fact_transactions,client_id,dim_client.client_id,298611,298610,2924,Value not found in dim_client.client_id
Foreign key exists,fact_transactions,client_id,dim_client.client_id,298612,298611,2907,Value not found in dim_client.client_id
Foreign key exists,fact_transactions,client_id,dim_client.client_id,298613,298612,2714,Value not found in dim_client.client_id
Foreign key exists,fact_transactions,client_id,dim_client.client_id,298614,298613,2999,Value not found in dim_client.client_id
Foreign key exists,fact_transactions,client_id,dim_client.client_id,298615,298614,2976,Value not found in dim_client.client_id
Foreign key exists,fact_transactions,client_id,dim_client.client_id,298616,298615,3178,Value not found in dim_client.client_id
Foreign key exists,fact_transactions,client_id,dim_client.client_id,298617,298616,2855,Value not found in dim_client.client_id
Foreign key exists,fact_transactions,client_id,dim_client.client_id,298618,298617,3135,Value not found in dim_client.client_id
Foreign key exists,fact_transactions,client_id,dim_client.client_id,298619,298618,2795,Value not found in dim_client.client_id
Foreign key exists,fact_transactions,client_id,dim_client.client_id,298620,298619,3172,Value not found in dim_client.client_id
Foreign key exists,fact_transactions,client_id,dim_client.client_id,298621,298620,3021,Value not found in dim_client.client_id
Foreign key exists,fact_transactions,client_id,dim_client.client_id,298622,298621,2994,Value not found in dim_client.client_id
Foreign key exists,fact_transactions,client_id,dim_client.client_id,298623,298622,2904,Value not found in dim_client.client_id
Foreign key exists,fact_transactions,client_id,dim_client.client_id,298624,298623,2786,Value not found in dim_client.client_id
Foreign key exists,fact_transactions,client_id,dim_client.client_id,298625,298624,2967,Value not found in dim_client.client_id
Foreign key exists,fact_transactions,client_id,dim_client.client_id,298626,298625,3109,Value not found in dim_client.client_id
Foreign key exists,fact_transactions,client_id,dim_client.client_id,298627,298626,3014,Value not found in dim_client.client_id
Foreign key exists,fact_transactions,client_id,dim_client.client_id,298628,298627,2915,Value not found in dim_client.client_id
Foreign key exists,fact_transactions,client_id,dim_client.client_id,298629,298628,2939,Value not found in dim_client.client_id
Foreign key exists,fact_transactions,client_id,dim_client.client_id,298630,298629,3175,Value not found in dim_client.client_id
Foreign key exists,fact_transactions,client_id,dim_client.client_id,298631,298630,3159,Value not found in dim_client.client_id
Foreign key exists,fact_transactions,client_id,dim_client.client_id,298632,298631,2730,Value not found in dim_client.client_id
Foreign key exists,fact_transactions,client_id,dim_client.client_id,298633,298632,2860,Value not found in dim_client.client_id
Foreign key exists,fact_transactions,client_id,dim_client.client_id,298634,298633,3149,Value not found in dim_client.client_id
Foreign key exists,fact_transactions,client_id,dim_client.client_id,298635,298634,3047,Value not found in dim_client.client_id
Foreign key exists,fact_transactions,client_id,dim_client.client_id,298636,298635,3137,Value not found in dim_client.client_id
Foreign key exists,fact_transactions,client_id,dim_client.client_id,298637,298636,2923,Value not found in dim_client.client_id
Foreign key exists,fact_transactions,client_id,dim_client.client_id,298638,298637,2998,Value not found in dim_client.client_id
Foreign key exists,fact_transactions,client_id,dim_client.client_id,298639,298638,2762,Value not found in dim_client.client_id
Foreign key exists,fact_transactions,client_id,dim_client.client_id,298640,298639,3029,Value not found in dim_client.client_id
Foreign key exists,fact_transactions,client_id,dim_client.client_id,298641,298640,2912,Value not found in dim_client.client_id
Foreign key exists,fact_transactions,client_id,dim_client.client_id,298642,298641,2958,Value not found in dim_client.client_id
Foreign key exists,fact_transactions,client_id,dim_client.client_id,298643,298642,2841,Value not found in dim_client.client_id
Foreign key exists,fact_transactions,client_id,dim_client.client_id,298644,298643,2822,Value not found in dim_client.client_id
Foreign key exists,fact_transactions,client_id,dim_client.client_id,298645,298644,2798,Value not found in dim_client.client_id
Foreign key exists,fact_transactions,client_id,dim_client.client_id,298646,298645,2931,Value not found in dim_client.client_id
Foreign key exists,fact_transactions,client_id,dim_client.client_id,298647,298646,3044,Value not found in dim_client.client_id
Foreign key exists,fact_transactions,client_id,dim_client.client_id,298648,298647,2865,Value not found in dim_client.client_id
Foreign key exists,fact_transactions,client_id,dim_client.client_id,298649,298648,2772,Value not found in dim_client.client_id
Foreign key exists,fact_transactions,client_id,dim_client.client_id,298650,298649,3104,Value not found in dim_client.client_id
Foreign key exists,fact_transactions,client_id,dim_client.client_id,298651,298650,3040,Value not found in dim_client.client_id
Foreign key exists,fact_transactions,client_id,dim_client.client_id,298652,298651,2808,Value not found in dim_client.client_id
Foreign key exists,fact_transactions,client_id,dim_client.client_id,298653,298652,3049,Value not found in dim_client.client_id
Foreign key exists,fact_transactions,client_id,dim_client.client_id,298654,298653,2708,Value not found in dim_client.client_id
Foreign key exists,fact_transactions,client_id,dim_client.client_id,298655,298654,2850,Value not found in dim_client.client_id
Foreign key exists,fact_transactions,client_id,dim_client.client_id,298656,298655,2957,Value not found in dim_client.client_id
Foreign key exists,fact_transactions,client_id,dim_client.client_id,298657,298656,3130,Value not found in dim_client.client_id
Foreign key exists,fact_transactions,client_id,dim_client.client_id,298658,298657,2945,Value not found in dim_client.client_id
Foreign key exists,fact_transactions,client_id,dim_client.client_id,298659,298658,2874,Value not found in dim_client.client_id
Foreign key exists,fact_transactions,client_id,dim_client.client_id,298660,298659,2970,Value not found in dim_client.client_id
Foreign key exists,fact_transactions,client_id,dim_client.client_id,298661,298660,2751,Value not found in dim_client.client_id
Foreign key exists,fact_transactions,client_id,dim_client.client_id,298662,298661,3092,Value not found in dim_client.client_id
Foreign key exists,fact_transactions,client_id,dim_client.client_id,298663,298662,2926,Value not found in dim_client.client_id
Foreign key exists,fact_transactions,client_id,dim_client.client_id,298664,298663,2819,Value not found in dim_client.client_id
Foreign key exists,fact_transactions,client_id,dim_client.client_id,298665,298664,2774,Value not found in dim_client.client_id
Foreign key exists,fact_transactions,client_id,dim_client.client_id,298666,298665,2966,Value not found in dim_client.client_id
Foreign key exists,fact_transactions,client_id,dim_client.client_id,298667,298666,3188,Value not found in dim_client.client_id
Foreign key exists,fact_transactions,client_id,dim_client.client_id,298668,298667,3030,Value not found in dim_client.client_id
Foreign key exists,fact_transactions,client_id,dim_client.client_id,298669,298668,3160,Value not found in dim_client.client_id
Foreign key exists,fact_transactions,client_id,dim_client.client_id,298670,298669,3121,Value not found in dim_client.client_id
Foreign key exists,fact_transactions,client_id,dim_client.client_id,298671,298670,2996,Value not found in dim_client.client_id
Foreign key exists,fact_transactions,client_id,dim_client.client_id,298672,298671,3146,Value not found in dim_client.client_id
Foreign key exists,fact_transactions,client_id,dim_client.client_id,298673,298672,2727,Value not found in dim_client.client_id
Foreign key exists,fact_transactions,client_id,dim_client.client_id,298674,298673,2872,Value not found in dim_client.client_id
Foreign key exists,fact_transactions,client_id,dim_client.client_id,298675,298674,3061,Value not found in dim_client.client_id
Foreign key exists,fact_transactions,client_id,dim_client.client_id,298676,298675,3043,Value not found in dim_client.client_id
Foreign key exists,fact_transactions,client_id,dim_client.client_id,298677,298676,2815,Value not found in dim_client.client_id
Foreign key exists,fact_transactions,client_id,dim_client.client_id,298678,298677,2934,Value not found in dim_client.client_id
Foreign key exists,fact_transactions,client_id,dim_client.client_id,298679,298678,2992,Value not found in dim_client.client_id
Foreign key exists,fact_transactions,client_id,dim_client.client_id,298680,298679,3117,Value not found in dim_client.client_id
Foreign key exists,fact_transactions,client_id,dim_client.client_id,298681,298680,2863,Value not found in dim_client.client_id
Foreign key exists,fact_transactions,client_id,dim_client.client_id,298682,298681,3032,Value not found in dim_client.client_id
Foreign key exists,fact_transactions,client_id,dim_client.client_id,298683,298682,3080,Value not found in dim_client.client_id
Foreign key exists,fact_transactions,client_id,dim_client.client_id,298684,298683,2965,Value not found in dim_client.client_id
Foreign key exists,fact_transactions,client_id,dim_client.client_id,298685,298684,2918,Value not found in dim_client.client_id
Foreign key exists,fact_transactions,client_id,dim_client.client_id,298686,298685,3026,Value not found in dim_client.client_id
Foreign key exists,fact_transactions,client_id,dim_client.client_id,298687,298686,2843,Value not found in dim_client.client_id
Foreign key exists,fact_transactions,client_id,dim_client.client_id,298688,298687,2856,Value not found in dim_client.client_id
Foreign key exists,fact_transactions,client_id,dim_client.client_id,298689,298688,2794,Value not found in dim_client.client_id
Foreign key exists,fact_transactions,client_id,dim_client.client_id,298690,298689,2849,Value not found in dim_client.client_id
Foreign key exists,fact_transactions,client_id,dim_client.client_id,298691,298690,2834,Value not found in dim_client.client_id
Foreign key exists,fact_transactions,client_id,dim_client.client_id,298692,298691,2938,Value not found in dim_client.client_id
Foreign key exists,fact_transactions,client_id,dim_client.client_id,298693,298692,2704,Value not found in dim_client.client_id
Foreign key exists,fact_transactions,client_id,dim_client.client_id,298694,298693,3082,Value not found in dim_client.client_id
Foreign key exists,fact_transactions,client_id,dim_client.client_id,298695,298694,2988,Value not found in dim_client.client_id
Foreign key exists,fact_transactions,client_id,dim_client.client_id,298696,298695,2826,Value not found in dim_client.client_id
Foreign key exists,fact_transactions,client_id,dim_client.client_id,298697,298696,2943,Value not found in dim_client.client_id
Foreign key exists,fact_transactions,client_id,dim_client.client_id,298698,298697,2973,Value not found in dim_client.client_id
Foreign key exists,fact_transactions,client_id,dim_client.client_id,298699,298698,3113,Value not found in dim_client.client_id
Foreign key exists,fact_transactions,client_id,dim_client.client_id,298700,298699,2979,Value not found in dim_client.client_id
Foreign key exists,fact_transactions,client_id,dim_client.client_id,298701,298700,3185,Value not found in dim_client.client_id
Foreign key exists,fact_transactions,client_id,dim_client.client_id,298702,298701,3094,Value not found in dim_client.client_id
Foreign key exists,fact_transactions,client_id,dim_client.client_id,298703,298702,2743,Value not found in dim_client.client_id
Foreign key exists,fact_transactions,client_id,dim_client.client_id,298704,298703,2963,Value not found in dim_client.client_id
Foreign key exists,fact_transactions,client_id,dim_client.client_id,298705,298704,2769,Value not found in dim_client.client_id
Foreign key exists,fact_transactions,client_id,dim_client.client_id,298706,298705,3105,Value not found in dim_client.client_id
Foreign key exists,fact_transactions,client_id,dim_client.client_id,298707,298706,3004,Value not found in dim_client.client_id
Foreign key exists,fact_transactions,client_id,dim_client.client_id,298708,298707,3181,Value not found in dim_client.client_id
Foreign key exists,fact_transactions,client_id,dim_client.client_id,298709,298708,2990,Value not found in dim_client.client_id
Foreign key exists,fact_transactions,client_id,dim_client.client_id,298710,298709,2964,Value not found in dim_client.client_id
Foreign key exists,fact_transactions,client_id,dim_client.client_id,298711,298710,3155,Value not found in dim_client.client_id
Foreign key exists,fact_transactions,client_id,dim_client.client_id,298712,298711,3165,Value not found in dim_client.client_id
Foreign key exists,fact_transactions,client_id,dim_client.client_id,298713,298712,2758,Value not found in dim_client.client_id
Foreign key exists,fact_transactions,client_id,dim_client.client_id,298714,298713,2737,Value not found in dim_client.client_id
Foreign key exists,fact_transactions,client_id,dim_client.client_id,298715,298714,3067,Value not found in dim_client.client_id
Foreign key exists,fact_transactions,client_id,dim_client.client_id,298716,298715,3171,Value not found in dim_client.client_id
Foreign key exists,fact_transactions,client_id,dim_client.client_id,298717,298716,3081,Value not found in dim_client.client_id
Foreign key exists,fact_transactions,client_id,dim_client.client_id,298718,298717,3042,Value not found in dim_client.client_id
Foreign key exists,fact_transactions,client_id,dim_client.client_id,298719,298718,2810,Value not found in dim_client.client_id
Foreign key exists,fact_transactions,client_id,dim_client.client_id,298720,298719,3173,Value not found in dim_client.client_id
Foreign key exists,fact_transactions,client_id,dim_client.client_id,298721,298720,2959,Value not found in dim_client.client_id
Foreign key exists,fact_transactions,client_id,dim_client.client_id,298722,298721,2741,Value not found in dim_client.client_id
Foreign key exists,fact_transactions,client_id,dim_client.client_id,298723,298722,2952,Value not found in dim_client.client_id
Foreign key exists,fact_transactions,client_id,dim_client.client_id,298724,298723,2715,Value not found in dim_client.client_id
Foreign key exists,fact_transactions,client_id,dim_client.client_id,298725,298724,2767,Value not found in dim_client.client_id
Foreign key exists,fact_transactions,client_id,dim_client.client_id,298726,298725,2728,Value not found in dim_client.client_id
Foreign key exists,fact_transactions,client_id,dim_client.client_id,298727,298726,2721,Value not found in dim_client.client_id
Foreign key exists,fact_transactions,client_id,dim_client.client_id,298728,298727,3141,Value not found in dim_client.client_id
Foreign key exists,fact_transactions,client_id,dim_client.client_id,298729,298728,2720,Value not found in dim_client.client_id
Foreign key exists,fact_transactions,client_id,dim_client.client_id,298730,298729,2986,Value not found in dim_client.client_id
Foreign key exists,fact_transactions,client_id,dim_client.client_id,298731,298730,3192,Value not found in dim_client.client_id
Foreign key exists,fact_transactions,client_id,dim_client.client_id,298732,298731,2941,Value not found in dim_client.client_id
Foreign key exists,fact_transactions,client_id,dim_client.client_id,298733,298732,3054,Value not found in dim_client.client_id
Foreign key exists,fact_transactions,client_id,dim_client.client_id,298734,298733,3001,Value not found in dim_client.client_id
Foreign key exists,fact_transactions,client_id,dim_client.client_id,298735,298734,3167,Value not found in dim_client.client_id
Foreign key exists,fact_transactions,client_id,dim_client.client_id,298736,298735,2717,Value not found in dim_client.client_id
Foreign key exists,fact_transactions,client_id,dim_client.client_id,298737,298736,2811,Value not found in dim_client.client_id
Foreign key exists,fact_transactions,client_id,dim_client.client_id,298738,298737,2818,Value not found in dim_client.client_id
Foreign key exists,fact_transactions,client_id,dim_client.client_id,298739,298738,2823,Value not found in dim_client.client_id
Foreign key exists,fact_transactions,client_id,dim_client.client_id,298740,298739,2731,Value not found in dim_client.client_id
Foreign key exists,fact_transactions,client_id,dim_client.client_id,298741,298740,3063,Value not found in dim_client.client_id
Foreign key exists,fact_transactions,client_id,dim_client.client_id,298742,298741,3138,Value not found in dim_client.client_id
Foreign key exists,fact_transactions,client_id,dim_client.client_id,298743,298742,2746,Value not found in dim_client.client_id
Foreign key exists,fact_transactions,client_id,dim_client.client_id,298744,298743,3093,Value not found in dim_client.client_id
Foreign key exists,fact_transactions,client_id,dim_client.client_id,298745,298744,2910,Value not found in dim_client.client_id
Foreign key exists,fact_transactions,client_id,dim_client.client_id,298746,298745,2748,Value not found in dim_client.client_id
Foreign key exists,fact_transactions,client_id,dim_client.client_id,298747,298746,2995,Value not found in dim_client.client_id
Foreign key exists,fact_transactions,client_id,dim_client.client_id,298748,298747,3140,Value not found in dim_client.client_id
Foreign key exists,fact_transactions,client_id,dim_client.client_id,298749,298748,2813,Value not found in dim_client.client_id
Foreign key exists,fact_transactions,client_id,dim_client.client_id,298750,298749,3180,Value not found in dim_client.client_id
Foreign key exists,fact_transactions,client_id,dim_client.client_id,298751,298750,3177,Value not found in dim_client.client_id
Foreign key exists,fact_transactions,client_id,dim_client.client_id,298752,298751,3073,Value not found in dim_client.client_id
Foreign key exists,fact_transactions,client_id,dim_client.client_id,298753,298752,2776,Value not found in dim_client.client_id
Foreign key exists,fact_transactions,client_id,dim_client.client_id,298754,298753,2833,Value not found in dim_client.client_id
Foreign key exists,fact_transactions,client_id,dim_client.client_id,298755,298754,2763,Value not found in dim_client.client_id
Foreign key exists,fact_transactions,client_id,dim_client.client_id,298756,298755,2925,Value not found in dim_client.client_id
Foreign key exists,fact_transactions,client_id,dim_client.client_id,298757,298756,3142,Value not found in dim_client.client_id
Foreign key exists,fact_transactions,client_id,dim_client.client_id,298758,298757,2765,Value not found in dim_client.client_id
Foreign key exists,fact_transactions,client_id,dim_client.client_id,298759,298758,3125,Value not found in dim_client.client_id
Foreign key exists,fact_transactions,client_id,dim_client.client_id,298760,298759,3147,Value not found in dim_client.client_id
Foreign key exists,fact_transactions,client_id,dim_client.client_id,298761,298760,2922,Value not found in dim_client.client_id
Foreign key exists,fact_transactions,client_id,dim_client.client_id,298762,298761,2861,Value not found in dim_client.client_id
Foreign key exists,fact_transactions,client_id,dim_client.client_id,298763,298762,3091,Value not found in dim_client.client_id
Foreign key exists,fact_transactions,client_id,dim_client.client_id,298764,298763,3012,Value not found in dim_client.client_id
Foreign key exists,fact_transactions,client_id,dim_client.client_id,298765,298764,2971,Value not found in dim_client.client_id
Foreign key exists,fact_transactions,client_id,dim_client.client_id,298766,298765,3064,Value not found in dim_client.client_id
Foreign key exists,fact_transactions,client_id,dim_client.client_id,298767,298766,2716,Value not found in dim_client.client_id
Foreign key exists,fact_transactions,client_id,dim_client.client_id,298768,298767,2898,Value not found in dim_client.client_id
Foreign key exists,fact_transactions,client_id,dim_client.client_id,298769,298768,3024,Value not found in dim_client.client_id
Foreign key exists,fact_transactions,client_id,dim_client.client_id,298770,298769,3070,Value not found in dim_client.client_id
Foreign key exists,fact_transactions,client_id,dim_client.client_id,298771,298770,2853,Value not found in dim_client.client_id
Foreign key exists,fact_transactions,client_id,dim_client.client_id,298772,298771,2729,Value not found in dim_client.client_id
Foreign key exists,fact_transactions,client_id,dim_client.client_id,298773,298772,2916,Value not found in dim_client.client_id
